-- phpMyAdmin SQL Dump
-- version 5.0.2
-- https://www.phpmyadmin.net/
--
-- Servidor: rteinformes-db
-- Tiempo de generación: 06-05-2021 a las 19:14:27
-- Versión del servidor: 10.3.9-MariaDB-1:10.3.9+maria~bionic
-- Versión de PHP: 7.4.11

SET SQL_MODE = "NO_AUTO_VALUE_ON_ZERO";
START TRANSACTION;
SET time_zone = "+00:00";


/*!40101 SET @OLD_CHARACTER_SET_CLIENT=@@CHARACTER_SET_CLIENT */;
/*!40101 SET @OLD_CHARACTER_SET_RESULTS=@@CHARACTER_SET_RESULTS */;
/*!40101 SET @OLD_COLLATION_CONNECTION=@@COLLATION_CONNECTION */;
/*!40101 SET NAMES utf8mb4 */;

--
-- Base de datos: `rteInformes`
--

-- --------------------------------------------------------

--
-- Estructura de tabla para la tabla `actividad`
--

CREATE TABLE `actividad` (
  `id_actividad` int(10) NOT NULL,
  `id_personal` int(10) NOT NULL,
  `id_escuela` int(10) NOT NULL,
  `fecha` date NOT NULL,
  `detalle` varchar(500) NOT NULL,
  `cant_participantes` int(5) NOT NULL,
  `id_categoria` int(10) NOT NULL,
  `id_destinatario` int(10) NOT NULL,
  `duracion_hora` int(10) NOT NULL,
  `duracion_minuto` int(10) NOT NULL,
  `activo` tinyint(1) NOT NULL DEFAULT 1
) ENGINE=InnoDB DEFAULT CHARSET=utf8mb4;

--
-- Volcado de datos para la tabla `actividad`
--

INSERT INTO `actividad` (`id_actividad`, `id_personal`, `id_escuela`, `fecha`, `detalle`, `cant_participantes`, `id_categoria`, `id_destinatario`, `duracion_hora`, `duracion_minuto`, `activo`) VALUES
(61, 101, 89, '2021-05-06', 'prueba 1', 2, 14, 8, 1, 10, 1),
(62, 49, 90, '2021-05-06', 'prueba 2', 2, 21, 5, 1, 0, 1),
(63, 101, 87, '2021-05-06', 'prueba 3', 5, 4, 8, 2, 20, 1),
(64, 101, 89, '2021-05-06', 'prueba 4', 2, 6, 8, 2, 0, 1),
(65, 64, 89, '2021-05-06', 'prueba 5', 2, 15, 6, 1, 20, 1),
(66, 65, 91, '2021-05-06', 'prueba 6', 2, 4, 8, 2, 20, 1);

-- --------------------------------------------------------

--
-- Estructura de tabla para la tabla `ambito`
--

CREATE TABLE `ambito` (
  `id_ambito` int(10) NOT NULL,
  `ambito` varchar(25) NOT NULL
) ENGINE=InnoDB DEFAULT CHARSET=utf8mb4;

--
-- Volcado de datos para la tabla `ambito`
--

INSERT INTO `ambito` (`id_ambito`, `ambito`) VALUES
(1, 'Urbano'),
(2, 'Rural Aglomerado'),
(3, 'Rural'),
(4, 'Rural Disperso');

-- --------------------------------------------------------

--
-- Estructura de tabla para la tabla `categoria`
--

CREATE TABLE `categoria` (
  `id_categoria` int(10) NOT NULL,
  `categoria` varchar(100) NOT NULL,
  `id_categoria_categoria` int(10) NOT NULL
) ENGINE=InnoDB DEFAULT CHARSET=utf8mb4;

--
-- Volcado de datos para la tabla `categoria`
--

INSERT INTO `categoria` (`id_categoria`, `categoria`, `id_categoria_categoria`) VALUES
(1, 'Asesoramiento a docentes o no docentes', 1),
(2, 'Capacitación realizada para una escuela', 1),
(3, 'Capacitación realizada para varias escuelas', 1),
(4, 'Reparación de hardware de netbook/PC escolar', 2),
(5, 'Cambio de pila', 2),
(6, 'Reemplazo de baterías netbooks/UPS', 2),
(7, 'Recambio de cargadores', 2),
(8, 'Restauración de sistema operativo', 2),
(9, 'Instalación/activación de software', 2),
(10, 'Reparación de dispositivos de red', 2),
(11, 'Verificación de estado de red escolar o dispositivos de red', 2),
(12, 'Desbloqueo de netbooks', 2),
(13, 'Backup de servidores', 2),
(14, 'Paquete de provisión', 2),
(15, 'Otra', 2),
(16, 'Acompañamiento en la implementación de TICs', 3),
(17, 'Producción propia de recursos digitales', 3),
(18, 'Gestión de proyecto educativo mediado por TIC', 3),
(19, 'Tarea administrativa realizada por R.T.E.', 4),
(20, 'Reunión virtual/presencial', 5),
(21, 'Indagación propiamente dicha', 5),
(22, 'Generación de recursos para el grupo', 5),
(23, 'Revisión de recursos digitales', 5),
(24, 'Socialización de los recursos obtenidos', 5);

-- --------------------------------------------------------

--
-- Estructura de tabla para la tabla `categoria_categoria`
--

CREATE TABLE `categoria_categoria` (
  `id_categoria_categoria` int(10) NOT NULL,
  `detalle` varchar(60) NOT NULL
) ENGINE=InnoDB DEFAULT CHARSET=utf8mb4;

--
-- Volcado de datos para la tabla `categoria_categoria`
--

INSERT INTO `categoria_categoria` (`id_categoria_categoria`, `detalle`) VALUES
(1, 'Capacitacion/Tutoria/Asesoramiento'),
(2, 'Asistencia Tecnica'),
(3, 'Acompañamiento TIC en practicas educativas'),
(4, 'Asistencia administrativa'),
(5, 'Grupos de indagacion');

-- --------------------------------------------------------

--
-- Estructura de tabla para la tabla `destinatario`
--

CREATE TABLE `destinatario` (
  `id_destinatario` int(10) NOT NULL,
  `destinatario` varchar(40) NOT NULL
) ENGINE=InnoDB DEFAULT CHARSET=utf8mb4;

--
-- Volcado de datos para la tabla `destinatario`
--

INSERT INTO `destinatario` (`id_destinatario`, `destinatario`) VALUES
(1, 'Director/es'),
(2, 'Docentes'),
(3, 'Estudiantes'),
(4, 'Administrativos'),
(5, 'Bibliotecarios'),
(6, 'Director/Docentes'),
(7, 'Entes externos'),
(8, 'Destinatarios varios'),
(9, 'Equipo AED');

-- --------------------------------------------------------

--
-- Estructura de tabla para la tabla `domicilio`
--

CREATE TABLE `domicilio` (
  `id_domicilio` int(10) NOT NULL,
  `calle` varchar(30) DEFAULT NULL,
  `numero` int(5) DEFAULT NULL,
  `barrio` varchar(30) DEFAULT NULL,
  `departamento` varchar(50) DEFAULT NULL,
  `codigo_postal` int(10) DEFAULT NULL
) ENGINE=InnoDB DEFAULT CHARSET=utf8mb4;

--
-- Volcado de datos para la tabla `domicilio`
--

INSERT INTO `domicilio` (`id_domicilio`, `calle`, `numero`, `barrio`, `departamento`, `codigo_postal`) VALUES
(80, 'AV. 19 DE ABRIL', 0, '40 VIVIENDAS', 'SANTA BARBARA', 0),
(81, 'SANTA FE', 100, 'CENTRO', 'HUMAHUACA', 0),
(82, 'RIO ATHUEL', 485, 'SAN IGNACIO DE LOYOLA', 'PALPALA', 0),
(83, 'MAGALLANES', 201, 'CORONEL ARIAS', 'DOCTOR MANUEL BELGRANO', 0),
(84, 'AV. 25 DE MAYO', 464, '14 DE ABRIL', 'SAN PEDRO', 0),
(85, 'HIPOLITO HIRGOYEN ', 0, 'MUNICIPAL', 'SANTA BARBARA', 0),
(86, 'ARISTOBULO DEL VALLE', 460, 'CENTRO', 'SAN PEDRO', 0),
(87, 'INDEPENDENCIA', 1122, 'CENTRO', 'DOCTOR MANUEL BELGRANO', 0),
(88, 'SAN JUAN', 149, 'CENTRO', 'YAVI', 0),
(89, 'JUAN M. DE ROSAS', 344, '', 'DOCTOR MANUEL BELGRANO', 0),
(90, 'ESPERANZA IBANEZ DE YECORA', 1201, 'MARIANO MORENO', 'DOCTOR MANUEL BELGRANO', 0),
(91, 'SELIN ISSA', 378, 'BAJO LA VI?A', 'DOCTOR MANUEL BELGRANO', 0),
(92, 'INDEPENDENCIA', 1191, 'CENTRO', 'DOCTOR MANUEL BELGRANO', 0),
(93, 'DANZARINAS', 0, 'CLUB DE CAMPO ATALAYA', 'SAN ANTONIO', 0),
(94, 'SELIN ISSA', 395, 'BAJO LA VI?A', 'DOCTOR MANUEL BELGRANO', 0),
(95, 'LAVALLE', 444, '23 DE AGOSTO', 'SAN PEDRO', 0),
(96, 'AV. CENTENARIO', 0, 'AGUA Y ENERGIA', 'EL CARMEN', 0),
(97, 'PEDRO ARAMBURU', 99, 'CANAL DE BEAGLE', 'PALPALA', 0),
(98, 'JOSE DE LA IGLESIA', 1282, 'CUYAYA', 'DOCTOR MANUEL BELGRANO', 0),
(99, 'BELGRANO', 1351, 'CENTRO', 'DOCTOR MANUEL BELGRANO', 0),
(100, '23 DE AGOSTO', 711, 'EL JARDIN', 'EL CARMEN', 0),
(101, 'LOS CEIBOS', 0, 'LA LOMA', 'LEDESMA', 0),
(102, 'MAGALLANES ESQUINA VILCAPUGIO', 0, 'CORONEL ARIAS', 'DOCTOR MANUEL BELGRANO', 0),
(103, 'RUTA NACIONAL N 9', 0, '', 'YAVI', 0),
(104, 'ARISTOBULO DEL VALLE ', 316, 'CENTRO', 'SAN PEDRO', 0),
(105, 'JUANA AZURDUY ', 0, 'PATRICIAS ARGENTINAS', 'LEDESMA', 0),
(106, 'CORONEL DAVILA', 1050, 'CIUDAD DE NIEVA', 'DOCTOR MANUEL BELGRANO', 0),
(107, 'DR. CRISTIAN MIKKELSEN', 0, '', 'SAN PEDRO', 0),
(108, 'AV. PRESIDENTE PERON', 0, 'PATRICIAS ARGENTINAS', 'LEDESMA', 0),
(109, 'CORRIENTES', 0, 'BELGRANO', 'SAN PEDRO', 0),
(110, '23 DE AGOSTO ', 0, '23 DE AGOSTO', 'COCHINOCA', 0),
(111, 'PJE. SIN NOMBRE', 0, 'CORONEL ARIAS', 'DOCTOR MANUEL BELGRANO', 0),
(112, 'PJE. SIN NOMBRE', 0, 'SANTA ROSA', 'DOCTOR MANUEL BELGRANO', 0),
(113, 'AVENIDA CATALANO ', 212, 'CANAL DE BEAGLE', 'PALPALA', 0),
(114, 'AV INTENDENTE ZAMAR', 0, 'TUPAC AMARU', 'SAN PEDRO', 0),
(115, 'AV. LIBERTAD', 889, '25 DE MAYO', 'PALPALA', 0),
(116, 'RUTA PROVINCIAL N 56', 0, '', 'SAN PEDRO', 0),
(117, 'CALLE 282', 282, 'ALTO COMEDERO', 'DOCTOR MANUEL BELGRANO', 0),
(118, 'NI?AS DE AYOHUMA', 0, 'PATRICIAS ARGENTINAS', 'LEDESMA', 0),
(119, 'AV. PRESIDENTE PERON', 0, 'PATRICIAS ARGENTINAS', 'LEDESMA', 0),
(120, 'AV 24 DE SEPTIEMBRE', 0, 'EJERCITO DEL NORTE', 'SAN PEDRO', 0),
(121, 'MAIPU', 500, 'FLORIDA', 'PALPALA', 0),
(122, 'SARMIENTO', 250, 'CENTRO', 'SAN PEDRO', 0),
(123, 'CONSTITUCION', 391, 'CUYAYA', 'DOCTOR MANUEL BELGRANO', 0),
(124, 'RIVADAVIA', 120, 'PATRICIOS', 'SAN PEDRO', 0),
(125, 'CLAVERIE', 242, 'BERNACCHI', 'SAN PEDRO', 0),
(126, 'VOLCAN ', 0, 'SAN CAYETANO', 'DOCTOR MANUEL BELGRANO', 0),
(127, 'DAMAS MENDOCINAS', 0, 'SAN ROQUE', 'LEDESMA', 0),
(128, 'AV. JOAQUIN CARRILLO', 774, 'CIUDAD DE NIEVA', 'DOCTOR MANUEL BELGRANO', 0),
(129, 'AV. SARMIENTO', 448, '', 'LEDESMA', 0),
(130, 'LA MADRID', 0, '', 'YAVI', 0),
(131, 'AV. YUTO ', 0, 'ALTO COMEDERO', 'DOCTOR MANUEL BELGRANO', 0),
(132, 'SARGENTO CABRAL', 225, '25 DE MAYO', 'PALPALA', 0),
(133, 'AV. JOSE MARIA FASCIO', 0, '18 DE NOVIEMBRE', 'PALPALA', 0),
(134, 'AV. SENDA MEDINA', 161, 'SAN ROQUE', 'EL CARMEN', 0),
(135, 'GOYECHEA', 257, 'SAN MARTIN', 'DOCTOR MANUEL BELGRANO', 0),
(136, 'SANTOS VEGA', 2162, 'GUEMES', 'SAN PEDRO', 0),
(137, 'OVEJERO', 160, 'BELGRANO', 'DOCTOR MANUEL BELGRANO', 0),
(138, 'LAVALLE', 0, 'CENTRO', 'TILCARA', 0),
(139, '10 DE  AGOSTO', 0, 'PAPA FRANCISCO', 'LEDESMA', 0),
(140, '22 DE ABRIL', 0, 'LA POSTA', 'EL CARMEN', 0),
(141, 'ABRA DE RACHAITE', 0, 'EL CHINGO', 'DOCTOR MANUEL BELGRANO', 0),
(142, 'JOSE QUINTA', 0, '', 'DOCTOR MANUEL BELGRANO', 0),
(143, 'SAN PEDRO', 0, '518 VIVIENDAS', 'LEDESMA', 0),
(144, 'SERAPIO SORIA', 243, 'CENTRO', 'SAN PEDRO', 0),
(145, 'MISIONES', 0, 'SAN ROQUE', 'LEDESMA', 0),
(146, 'ESUELA 522', 0, 'ALTO COMEDERO', 'DOCTOR MANUEL BELGRANO', 0),
(147, 'GRAL PAZ', 1400, 'CENTRO', 'DOCTOR MANUEL BELGRANO', 0),
(148, 'JUJUY', 101, 'CENTRO', 'LEDESMA', 0),
(149, 'ESTEBAN LEACH', 0, '', 'SAN PEDRO', 0),
(150, 'SAN MARTIN', 647, 'SAN IGNACIO', 'EL CARMEN', 0),
(151, '', 0, 'SECTOR NUEVA CIUDAD', 'SAN PEDRO', 0),
(152, 'LA MENDIETA', 0, 'ALTO COMEDERO. SECTOR B2', 'DOCTOR MANUEL BELGRANO', 0),
(153, ' LA RIOJA', 95, 'CENTRO', 'HUMAHUACA', 0),
(154, 'FRANCISCO RAMIREZ', 0, 'LA MERCED', 'SAN PEDRO', 0),
(155, 'Olavarria ', 521, 'CUYAYA', 'DOCTOR MANUEL BELGRANO', 0),
(156, 'PAMPA BLANCA', 0, 'ALTO COMEDERO - SECTOR B5', 'DOCTOR MANUEL BELGRANO', 0),
(157, 'SAN MARTIN ', 1070, 'CENTRO', 'DOCTOR MANUEL BELGRANO', 0),
(158, 'AV. RICARDO BALBIN', 2532, 'BAJO LA VI?A', 'DOCTOR MANUEL BELGRANO', 0),
(159, 'AV. JUAN DOMINGO PERON', 274, 'CENTRO', 'COCHINOCA', 0),
(160, 'HIPOLITO IRIGOYEN ', 0, '1?DE MAYO', 'EL CARMEN', 0),
(161, 'JUJUY', 184, 'CENTRO', 'SAN PEDRO', 0),
(162, '25 DE MAYO', 0, 'EL JARDIN', 'EL CARMEN', 0),
(163, 'ROGELIA LOZANO', 0, 'SAN JOSE', 'SAN PEDRO', 0),
(164, 'BELGRANO', 1359, 'CENTRO', 'DOCTOR MANUEL BELGRANO', 0),
(165, 'AV. JUAN DOMINGO PERON', 238, 'CENTRO', 'COCHINOCA', 0),
(166, 'FLOR DEL PAGO ', 1323, 'CAMPO VERDE', 'DOCTOR MANUEL BELGRANO', 0),
(167, 'ORATORIO', 0, 'SANTA TERESITA', 'YAVI', 0),
(168, '9 DE JULIO', 0, '31 DE AGOSTO', 'COCHINOCA', 0),
(169, 'PADRE TEODORO WOLTERING', 405, 'HIPOLITO IRIGOYEN', 'DOCTOR MANUEL BELGRANO', 0),
(170, 'TEODORO SANCHEZ DE BUSTAMANTE ', 0, 'CENTRO', 'LEDESMA', 0),
(171, 'AV. JUAN JOSE CASTRO', 0, 'CENTRO', 'SANTA BARBARA', 0),
(172, 'YECORA', 0, 'MARIANO MORENO', 'DOCTOR MANUEL BELGRANO', 0),
(173, 'GUEMES', 0, 'CENTRO', 'YAVI', 0),
(174, 'SAN LORENZO', 1123, 'MARIANO MORENO', 'DOCTOR MANUEL BELGRANO', 0),
(175, 'RUTA PROVINCIAL N 43', 0, 'LA OVEJERIA', 'EL CARMEN', 0),
(176, 'MEXICO', 342, 'MARIANO MORENO', 'DOCTOR MANUEL BELGRANO', 0),
(177, 'PATERSON', 463, '', 'LEDESMA', 0),
(178, 'MANZANA 14', 0, 'ALTO COMEDERO', 'DOCTOR MANUEL BELGRANO', 0),
(179, 'SAN MARTIN', 1272, 'CENTRO', 'DOCTOR MANUEL BELGRANO', 0),
(180, 'LOS CONDES', 38, '23 DE AGOSTO', 'PALPALA', 0),
(181, 'MISIONES', 0, 'TEODOSIO LOPEZ', 'LEDESMA', 0),
(182, 'ROBERTO SANCHO', 3470, 'MALVINAS ARGENTINAS', 'DOCTOR MANUEL BELGRANO', 0),
(183, 'TENIENTE LOPEZ', 862, 'FUERZA AEREA ARGENTINA - ALTO ', 'DOCTOR MANUEL BELGRANO', 0),
(184, 'GUATEMALA', 182, 'LA PAZ', 'EL CARMEN', 0),
(185, 'MINA PAN DE AZUCAR', 34, 'SANTA BARBARA', 'PALPALA', 0),
(186, 'ISLA BETTA', 0, 'ANTARTIDA ARGENTINA', 'PALPALA', 0),
(187, 'COCHABAMBA', 1362, 'SAN PEDRITO', 'DOCTOR MANUEL BELGRANO', 0),
(188, 'AV. SIRIA', 188, 'CENTRO', 'SAN PEDRO', 0),
(189, 'RIVADAVIA', 482, 'CENTRO', 'TILCARA', 0),
(190, 'RECONQUISTA', 0, 'CAROLINA', 'PALPALA', 0),
(191, 'ZARATE ', 151, '17 DE AGOSTO', 'DOCTOR MANUEL BELGRANO', 0),
(192, 'SUB OFICIAL MATE DE LUNA ', 1486, 'ALTO COMEDERO', 'DOCTOR MANUEL BELGRANO', 0),
(193, 'MENDOZA', 661, '', 'LEDESMA', 0),
(194, 'AV. LIBERTAD', 0, 'CENTRO', 'LEDESMA', 0),
(195, 'ESPORA', 0, 'ALTE. BROWN', 'DOCTOR MANUEL BELGRANO', 0),
(196, 'FRANCISCO PASTOR', 0, '', 'HUMAHUACA', 0),
(197, 'SANTA FE', 100, 'CENTRO', 'HUMAHUACA', 0),
(198, 'FELIPE HARDCASTLE ', 0, 'SAN MIGUEL', 'LEDESMA', 0),
(199, 'RODERO', 0, 'SAN JOSE', 'PALPALA', 0),
(200, 'JUANA MANUELA GORRITI', 560, 'GORRITI', 'DOCTOR MANUEL BELGRANO', 0),
(201, 'ALTE. BROWN', 0, 'SAN FRANCISCO', 'LEDESMA', 0),
(202, 'SANTA BARBARA ', 0, 'LUJAN', 'DOCTOR MANUEL BELGRANO', 0),
(203, 'PARCELA MANZANA 0 AP N 29', 690, '40 HECTAREAS', 'LEDESMA', 0),
(204, 'FLORIDA', 0, '', 'LEDESMA', 0),
(205, 'SAN JORGE', 667, 'SAN CAYETANO', 'SAN PEDRO', 0),
(206, 'DARDO DOMINGUEZ', 0, 'CENTRO', 'SANTA BARBARA', 0),
(207, '9 DE JULIO ', 800, 'SAN ANTONIO', 'EL CARMEN', 0),
(208, 'LA FE ', 0, 'CHIJRA', 'DOCTOR MANUEL BELGRANO', 0),
(209, 'AV. FORESTAL', 1996, 'ALTO COMEDERO', 'DOCTOR MANUEL BELGRANO', 0),
(210, 'ITALO PALANCA', 0, 'LOS NARANJOS', 'DOCTOR MANUEL BELGRANO', 0),
(211, 'DORREGO', 227, 'CENTRO', 'EL CARMEN', 0),
(212, 'RIO DESEADO', 365, 'SAN INGANCIO DE LOYOLA', 'PALPALA', 0),
(213, 'SUIPACHA', 0, 'CENTRO', 'YAVI', 0),
(214, 'GRANADEROS ', 1582, 'SAN PEDRITO', 'DOCTOR MANUEL BELGRANO', 0),
(215, 'LOS PARAISOS', 148, 'ALTO PALPALA', 'DOCTOR MANUEL BELGRANO', 0),
(216, 'JUJUY', 0, 'POMELAR', 'LEDESMA', 0),
(217, 'PARQUE ACUATICO', 0, 'TUPAC AMARU - ALTO COMEDERO', 'DOCTOR MANUEL BELGRANO', 0),
(218, 'BUENOS AIRES', 40, 'JUAN MANUEL DE ROSAS', 'EL CARMEN', 0),
(219, 'VICENTE LOPEZ Y PLANES', 122, '23 DE AGOSTO', 'SAN PEDRO', 0),
(220, 'ALVEAR', 1063, 'CENTRO', 'DOCTOR MANUEL BELGRANO', 0),
(221, 'ROBERTO SANCHO', 3163, 'MALVINAS ARGENTINAS', 'DOCTOR MANUEL BELGRANO', 0),
(222, 'INDEPENDENCIA', 755, 'CENTRO', 'DOCTOR MANUEL BELGRANO', 0),
(223, 'AV 24 DE MAYO', 0, '', 'LEDESMA', 0),
(224, 'MZA AP27 ', 0, 'ALTO COMEDERO', 'DOCTOR MANUEL BELGRANO', 0),
(225, '', 0, '', 'COCHINOCA', 0),
(226, '', 0, '', 'COCHINOCA', 0),
(227, '', 0, '', 'DOCTOR MANUEL BELGRANO', 0),
(228, 'RUTA PROVINCIAL N 29', 0, '', 'DOCTOR MANUEL BELGRANO', 0),
(229, '', 0, '', 'COCHINOCA', 0),
(230, '', 0, '', 'HUMAHUACA', 0),
(231, '', 0, '', 'TILCARA', 0),
(232, '', 0, '', '', 0),
(233, '', 0, '', '', 0),
(234, '', 0, '', '', 0),
(235, '', 0, '', 'TILCARA', 0),
(236, 'RUTA NACIONAL N 15', 0, '', 'HUMAHUACA', 0),
(237, '', 0, '', 'COCHINOCA', 0),
(238, 'RUTA PROVINCIAL N 57', 0, 'FINCA LA LUCRECIA', 'SANTA BARBARA', 0),
(239, 'RUTA 20 KM 30', 0, '', 'PALPALA', 0),
(240, 'RUTA PROV. 6', 0, '', 'SANTA BARBARA', 0),
(241, '', 0, '', 'YAVI', 0),
(242, '', 0, '', 'COCHINOCA', 0),
(243, 'RUTA 69', 0, '', 'YAVI', 0),
(244, '', 0, '', '', 0),
(245, '', 0, '', 'TILCARA', 0),
(246, '', 0, '', 'PALPALA', 0),
(247, 'RUTA PROVINCIAL N 2', 0, '', 'DOCTOR MANUEL BELGRANO', 0),
(248, '', 0, '', '', 0),
(249, '', 0, '', 'HUMAHUACA', 0),
(250, '', 0, '', 'HUMAHUACA', 0),
(251, '', 0, '', 'HUMAHUACA', 0),
(252, 'RUTA PROVINCIAL N?74', 0, '', 'COCHINOCA', 0),
(253, '', 0, '', 'YAVI', 0),
(254, '', 0, '', 'YAVI', 0),
(255, '', 0, '', '', 0),
(256, '', 0, '', '', 0),
(257, '28 DE NOVIEMBRE', 0, '', '', 0),
(258, '', 0, '', 'TILCARA', 0),
(259, 'RUTA N 65', 0, '', '', 0),
(260, 'CASA GRANDE', 0, '', 'HUMAHUACA', 0),
(261, '', 0, '', 'COCHINOCA', 0),
(262, '', 0, '', 'YAVI', 0),
(263, '', 0, '', 'YAVI', 0),
(264, '', 0, '', 'COCHINOCA', 0),
(265, 'RUTA PROVINCIAL  19 KM 42', 0, '', 'LEDESMA', 0),
(266, '', 0, '', 'SANTA BARBARA', 0),
(267, '', 0, '', '', 0),
(268, '', 0, '', '', 0),
(269, '', 0, '', 'HUMAHUACA', 0),
(270, '', 0, '', 'YAVI', 0),
(271, '', 0, '', '', 0),
(272, '', 0, '', 'TILCARA', 0),
(273, '', 0, '', 'COCHINOCA', 0),
(274, 'EL CEIBAL', 0, '', 'SAN ANTONIO', 0),
(275, 'RUTA PROVINCIAL 4 KM 19', 0, '', 'DOCTOR MANUEL BELGRANO', 0),
(276, '', 0, 'FINCA SAN JAVIER', '', 0),
(277, '', 0, '', 'HUMAHUACA', 0),
(278, '', 0, '', 'YAVI', 0),
(279, '', 0, '', 'COCHINOCA', 0),
(280, '', 0, '', '', 0),
(281, '', 0, '', 'HUMAHUACA', 0),
(282, '', 0, '', 'COCHINOCA', 0),
(283, '', 0, '', 'HUMAHUACA', 0),
(284, '', 0, '', 'LEDESMA', 0),
(285, '', 0, '', '', 0),
(286, '', 0, '', 'YAVI', 0),
(287, '', 0, '', 'YAVI', 0),
(288, 'PJE MARIA LUISA REALES', 0, '', '', 0),
(289, 'RUTA PROVINCIAL N 5 KM 20', 0, '', 'YAVI', 0),
(290, '', 0, '', 'YAVI', 0),
(291, '  ', 0, '', 'COCHINOCA', 0),
(292, '', 0, '', '', 0),
(293, '18 DE NOVIEMBRE', 0, '', 'HUMAHUACA', 0),
(294, '', 0, '', 'YAVI', 0),
(295, '', 0, '', 'COCHINOCA', 0),
(296, 'AV. EL EXODO', 0, '', 'HUMAHUACA', 0),
(297, 'RUTA N1', 0, '', 'SAN PEDRO', 0),
(298, '', 0, '', 'YAVI', 0),
(299, '', 0, '', 'YAVI', 0),
(300, 'RUTA PROVINCIAL N40', 0, '', 'YAVI', 0),
(301, 'ANASTACIO PRIETO', 0, '', '', 0),
(302, '', 0, '', '', 0),
(303, 'RUTA PROVINCIAL 20 KM 18', 0, '', 'PALPALA', 0),
(304, 'SAN JUAN', 0, '', 'COCHINOCA', 0),
(305, '', 0, '', 'HUMAHUACA', 0),
(306, '', 0, '', 'HUMAHUACA', 0),
(307, 'JOSE CARMEN QUISPE', 0, '', '', 0),
(308, '', 0, '', 'COCHINOCA', 0),
(309, '', 0, '', '', 0),
(310, '', 0, '', '', 0),
(311, '', 0, '', 'COCHINOCA', 0),
(312, '', 0, '', '', 0),
(313, '', 0, '', 'SANTA BARBARA', 0),
(314, '', 0, '', '', 0),
(315, '', 0, '', 'COCHINOCA', 0),
(316, '', 0, '', '', 0),
(317, '', 0, '', 'YAVI', 0),
(318, '', 0, '', 'HUMAHUACA', 0),
(319, '', 0, '', 'YAVI', 0),
(320, '', 0, '', 'YAVI', 0),
(321, '', 0, '', 'HUMAHUACA', 0),
(322, '20 DE ENERO', 0, '', '', 0),
(323, '', 0, '', 'HUMAHUACA', 0),
(324, '', 0, '', '', 0),
(325, '', 0, '', 'YAVI', 0),
(326, '', 0, '', 'COCHINOCA', 0),
(327, '', 0, '', 'COCHINOCA', 0),
(328, '', 0, '', 'COCHINOCA', 0),
(329, '', 0, '', 'COCHINOCA', 0),
(330, '', 0, '', '', 0),
(331, '', 0, '', '', 0),
(332, '', 0, '', 'DOCTOR MANUEL BELGRANO', 0),
(333, '', 0, '', '', 0),
(334, 'AV. LUIS PEDETTI', 0, '', 'DOCTOR MANUEL BELGRANO', 0),
(335, '', 0, 'LOTE LAS PIEDRITAS', 'SAN PEDRO', 0),
(336, '', 0, '', 'TILCARA', 0),
(337, '', 0, '', '', 0),
(338, '', 0, '', 'YAVI', 0),
(339, '', 0, '', 'HUMAHUACA', 0),
(340, '', 0, '', 'COCHINOCA', 0),
(341, '', 0, '', '', 0),
(342, 'AV. SEYGASTE', 0, '', '', 0),
(343, '', 0, '', 'HUMAHUACA', 0),
(344, '', 0, 'CAMPO CARCEL', '', 0),
(345, 'GUILLERMO SNOPEK', 0, '', '', 0),
(346, 'ALVEAR', 0, '', '', 0),
(347, '', 0, '', '', 0),
(348, 'AV. 24 DE OCTUBRE', 0, '', '', 0),
(349, '', 0, '', 'EL CARMEN', 0),
(350, 'EL QUIMPE', 0, '', 'PALPALA', 0),
(351, 'MISIONES', 0, '', '', 0),
(352, 'SAN JOSE', 0, '', 'SAN PEDRO', 0),
(353, '', 0, '', 'HUMAHUACA', 0),
(354, '', 0, '', 'YAVI', 0),
(355, 'RUTA PROV N 2 - KM 19', 0, '', 'SAN ANTONIO', 0),
(356, '', 0, '', 'SAN PEDRO', 0),
(357, 'RUTA NACIONAL 34', 0, '', 'LEDESMA', 0),
(358, '', 0, '', 'YAVI', 0),
(359, 'AV. CRUCERO GRAL. M. BELGRANO', 0, '', 'TILCARA', 0),
(360, 'LA CIENAGA', 0, '', '', 0),
(361, '9 DE JULIO', 0, '', 'COCHINOCA', 0),
(362, '', 0, '', 'YAVI', 0),
(363, 'SARMIENTO', 0, 'CENTRO', 'COCHINOCA', 0),
(364, 'SARMIENTO', 0, '', 'COCHINOCA', 0),
(365, '', 0, '', 'COCHINOCA', 0),
(366, 'BELGRANO', 111, 'ESCALINATA', 'TILCARA', 0),
(367, 'RUTA NACIONAL N 1', 0, '', 'SAN PEDRO', 0),
(368, 'RAUL B. DIAZ', 0, '', '', 0),
(369, '', 0, '', 'PALPALA', 0),
(370, 'BELGRANO', 0, '', 'COCHINOCA', 0),
(371, '23 DE AGOSTO', 0, '', '', 0),
(372, 'RUTA NACIONAL N 9 KM 20', 0, '', 'EL CARMEN', 0),
(373, '', 0, '', '', 0),
(374, '', 0, '', '', 0),
(375, 'RUTA NACIONAL N 9 - KM 1183', 0, '', '', 0),
(376, ' ', 0, '', 'HUMAHUACA', 0),
(377, '', 0, '', 'YAVI', 0),
(378, '', 0, '', 'PALPALA', 0),
(379, '', 0, '', '', 0),
(380, '', 0, '', 'LEDESMA', 0),
(381, 'AV. SAN MARTIN', 0, '', 'YAVI', 0),
(382, 'AV. FRANCISCO PASTOR', 0, '', 'HUMAHUACA', 0),
(383, '', 0, '', 'YAVI', 0),
(384, 'ERNESTO PADILLA', 0, '', '', 0),
(385, '', 0, '', '', 0),
(386, 'RUTA NACIONAL N 1', 0, '', 'SAN PEDRO', 0),
(387, '', 0, '', 'SANTA BARBARA', 0),
(388, '', 0, '', '', 0),
(389, 'BELGRANO', 0, '', '', 0),
(390, '', 0, '', 'HUMAHUACA', 0),
(391, 'GUEMES', 0, '', 'YAVI', 0),
(392, 'RUTA PROVINCIAL 56  KM 28', 0, '', 'PALPALA', 0),
(393, '', 0, '', 'TILCARA', 0),
(394, 'SANTA FE', 0, 'CENTRO', '', 0),
(395, 'CONSTITUCION', 0, '', 'SAN PEDRO', 0),
(396, '', 0, '', '', 0),
(397, 'RUTA PROVINCIAL 4', 0, '', 'DOCTOR MANUEL BELGRANO', 0),
(398, '', 0, '', 'TILCARA', 0),
(399, 'S/RUTA N 9', 0, '', 'TILCARA', 0),
(400, 'RUTA PROV. N 1', 0, 'SAN LUCAS', 'HUMAHUACA', 0),
(401, 'RUTA PROVINCIAL N 23', 0, 'SAN JUAN DE DIOS', 'SAN PEDRO', 0),
(402, 'CAMINO VECINAL', 0, 'LA BANDA', 'TILCARA', 0),
(403, 'AV. 9 DE NOVIEMBRE', 0, '', 'HUMAHUACA', 0),
(404, '', 0, '', 'HUMAHUACA', 0),
(405, '', 0, '', 'SAN PEDRO', 0),
(406, 'SAN CAYETANO', 0, 'LAS NIEVES', '', 0),
(407, '', 0, '', 'SAN ANTONIO', 0),
(408, 'GOBERNADOR CARLOS SNOPEK', 0, '', 'COCHINOCA', 0),
(409, 'RUTA N 6', 0, 'CENTRO', 'SANTA BARBARA', 0),
(410, '', 0, '', 'HUMAHUACA', 0),
(411, '25 DE MAYO', 2, '', '', 0),
(412, 'AV. ING. CARLOS SNOPEK', 0, '', '', 0),
(413, 'AV. CORDOBA', 0, '', 'SAN PEDRO', 0),
(414, '', 0, '', 'DOCTOR MANUEL BELGRANO', 0),
(415, 'CALLE UNICA', 0, '', 'SAN PEDRO', 0),
(416, 'SAN MARTIN', 0, '', '', 0),
(417, 'RUTA PROV. N 81', 0, '', 'SANTA BARBARA', 0),
(418, 'RUTA PROVINCIAL N 83', 0, '', '', 0),
(419, 'MITRE', 0, '', 'SANTA BARBARA', 0),
(420, 'RUTA N 34 VIEJA', 0, '', 'SAN PEDRO', 0),
(421, 'BALCARCE', 523, 'CENTRO', 'DOCTOR MANUEL BELGRANO', 0),
(422, 'PROLONGACION JERONIMO SCHONFEL', 0, 'NORTE', 'DOCTOR MANUEL BELGRANO', 0),
(423, '', 0, '', 'EL CARMEN', 0),
(424, '', 0, 'FINCA RINALDI', 'EL CARMEN', 0),
(425, '', 0, '', 'EL CARMEN', 0),
(426, '', 0, '', 'EL CARMEN', 0),
(427, '', 0, '', 'SANTA BARBARA', 0),
(428, 'AV. HUAYTIQUINA', 0, 'CENTRO', '', 0),
(429, 'BERNARDINO RIVADAVIA', 352, '', '', 0),
(430, '', 0, '', 'SAN PEDRO', 0),
(431, 'PJE. GUERNICA', 26, '', 'DOCTOR MANUEL BELGRANO', 0),
(432, 'AV. MIGUEL SANCHO', 0, 'ARROYO COLORADO', 'SAN PEDRO', 0),
(433, '', 0, '', 'DOCTOR MANUEL BELGRANO', 0),
(434, '2 DE JUNIO', 0, '', 'HUMAHUACA', 0),
(435, 'AV. BOLIVIA', 1867, 'LOS HUAICOS', 'DOCTOR MANUEL BELGRANO', 0),
(436, '', 0, '', 'SANTA BARBARA', 0),
(437, '1 DE MAYO', 0, 'SAN MARTIN', 'PALPALA', 0),
(438, '', 0, 'CENTRO', 'EL CARMEN', 0),
(439, 'RUTA PROVINCIAL N 47', 0, '', 'EL CARMEN', 0),
(440, '', 0, '', 'EL CARMEN', 0),
(441, 'AV. SANCHEZ DE BUSTAMANTE', 750, 'SAN FRANCISCO', 'SAN PEDRO', 0),
(442, '', 0, '', 'HUMAHUACA', 0),
(443, 'SARMIENTO', 0, '', '', 0),
(444, '', 0, 'MINETTI', 'EL CARMEN', 0),
(445, 'DAVALOS', 1012, 'LOS PERALES', 'DOCTOR MANUEL BELGRANO', 0),
(446, 'CAMINO VECINAL', 0, '', 'LEDESMA', 0),
(447, 'SARMIENTO', 0, 'CENTRO', 'SAN PEDRO', 0),
(448, 'RUTA PROVINCIAL 35 KM 2  1/2', 0, 'SAN JOSE DE CHIJRA', 'DOCTOR MANUEL BELGRANO', 0),
(449, 'SARMIENTO', 0, 'CENTRO', 'TILCARA', 0),
(450, 'LEON GIECO', 0, 'LOS PINOS', 'YAVI', 0),
(451, '', 0, '', 'EL CARMEN', 0),
(452, '', 0, '', 'LEDESMA', 0),
(453, 'SARMIENTO', 0, 'SAN JOSE', 'SAN PEDRO', 0),
(454, 'AV. SAN MARTIN', 111, '', '', 0),
(455, '', 0, '', 'LEDESMA', 0),
(456, 'ANATUYA', 0, '12 DE OCTUBRE', 'SAN PEDRO', 0),
(457, 'LA RIOJA', 1930, 'CUYAYA', 'DOCTOR MANUEL BELGRANO', 0),
(458, 'BELGRANO', 1174, 'CENTRO', 'DOCTOR MANUEL BELGRANO', 0),
(459, '', 0, '', 'EL CARMEN', 0),
(460, 'RUTA NACIONAL', 9, '', 'SAN ANTONIO', 0),
(461, 'ECHEVERRIA ESQ. ALVEAR', 0, 'SAN CARLOS', 'EL CARMEN', 0),
(462, '', 0, '', 'SAN PEDRO', 0),
(463, 'BARTOLOME MITRE  ', 0, 'LOTEO FISCAL', 'EL CARMEN', 0),
(464, '', 0, '', 'EL CARMEN', 0),
(465, 'RUTA PROVINCIAL N 42', 0, '', 'EL CARMEN', 0),
(466, 'FRAILE PINTADO', 418, 'ALTO COMEDERO - 330 VIVIENDAS ', 'DOCTOR MANUEL BELGRANO', 0),
(467, '23 DE AGOSTO', 181, 'CENTRO', 'EL CARMEN', 0),
(468, 'VILLAFA?E', 554, 'ALBERDI', 'DOCTOR MANUEL BELGRANO', 0),
(469, 'RUTA PROVINCIAL 42', 0, '', 'EL CARMEN', 0),
(470, 'CALLE 549', 2243, 'ALTO COMEDERO - 40 HECTAREAS B', 'DOCTOR MANUEL BELGRANO', 0),
(471, '', 0, '', 'EL CARMEN', 0),
(472, 'ANTIGAL', 0, 'LA LOMA', 'LEDESMA', 0),
(473, 'EL HUMAHUAQUE?O', 0, 'VILLA JARDIN DE REYES', 'DOCTOR MANUEL BELGRANO', 0),
(474, 'AV. BOLIVIA', 0, 'HUAICO CHICO', 'DOCTOR MANUEL BELGRANO', 0),
(475, 'MARIANO MORENO', 0, 'HERMINIO ARRIETA', 'LEDESMA', 0),
(476, 'SARMIENTO', 48, 'CENTRO', 'SAN PEDRO', 0),
(477, '', 0, '', 'HUMAHUACA', 0),
(478, 'GRAL. DOMINGO PERON', 0, 'SAN JOSE', 'SANTA BARBARA', 0),
(479, 'AV. 19 DE ABRIL', 0, '40 VIVIENDAS', 'SANTA BARBARA', 0),
(480, 'WILLIAM KING', 0, 'SARGENTO CABRAL', 'DOCTOR MANUEL BELGRANO', 0),
(481, 'AV. LOS LAPACHOS', 659, 'SANTO DOMINGO', 'EL CARMEN', 0),
(482, 'PASAJE', 17, 'CORONEL ARIAS', 'DOCTOR MANUEL BELGRANO', 0),
(483, '', 0, '', 'EL CARMEN', 0),
(484, 'REPUBLICA ARABE SIRIA', 200, 'CENTRO', 'YAVI', 0),
(485, 'LOS MALVONES', 0, 'ALTO PALPALA', 'PALPALA', 0),
(486, 'SARMIENTO', 0, '', 'EL CARMEN', 0),
(487, 'VICE COMODORO R DE LA COLINA', 381, 'ALTO COMEDERO - 281 VIVIENDAS', 'DOCTOR MANUEL BELGRANO', 0),
(488, 'CALLE 260', 0, 'ALTO COMEDERO - ADEP', 'DOCTOR MANUEL BELGRANO', 0),
(489, 'FRANCISCO DE ARGA?ARAZ', 0, 'CENTRO', 'LEDESMA', 0),
(490, 'AV. JUAN JOSE CASTRO', 0, 'CENTRO', 'SANTA BARBARA', 0),
(491, 'PJE. LA MERCED', 0, 'SANTA ROSA', 'EL CARMEN', 0),
(492, 'AV. BELGRANO', 456, 'CENTRO', 'EL CARMEN', 0),
(493, 'GUEMES', 26, 'CENTRO', 'EL CARMEN', 0),
(494, 'AZUL', 157, 'SAN CAYETANO', 'PALPALA', 0),
(495, 'CRUCE CUATRO CAMINOS', 0, '', 'EL CARMEN', 0),
(496, 'BALCARCE', 0, 'CENTRO', 'TILCARA', 0),
(497, 'AV. 24 DE MAYO', 0, 'VIRGEN DEL VALLE', 'LEDESMA', 0),
(498, 'RUTA N 45', 0, 'SANTO DOMINGO', 'EL CARMEN', 0),
(499, 'AV BELGRANO', 256, 'CENTRO', 'EL CARMEN', 0),
(500, 'AV. BALBIN', 0, 'LA RURAL  BAJO LA VINA', 'DOCTOR MANUEL BELGRANO', 0),
(501, 'RAMIREZ DE VELAZCO', 526, 'CENTRO', 'DOCTOR MANUEL BELGRANO', 0),
(502, 'AV. BOLIVIA', 929, 'RIO BLANCO', 'EL CARMEN', 0),
(503, 'RAMIREZ DE VELAZCO', 346, 'CENTRO', 'DOCTOR MANUEL BELGRANO', 0),
(504, '', 0, '7 DE OCTUBRE', 'PALPALA', 0),
(505, 'VENEZUELA ', 1085, 'MARIANO MORENO', 'DOCTOR MANUEL BELGRANO', 0),
(506, 'AV. LUCIANO CATALANO', 198, '9 DE JULIO', 'PALPALA', 0),
(507, 'SAN MARTIN', 1051, 'CENTRO', 'DOCTOR MANUEL BELGRANO', 0),
(508, '9 DE JULIO', 323, 'CENTRO', 'SAN PEDRO', 0),
(509, 'AV SNOPEK', 1579, 'ALTO COMEDERO - B6', 'DOCTOR MANUEL BELGRANO', 0),
(510, 'SAN MARTIN', 569, 'CENTRO', 'DOCTOR MANUEL BELGRANO', 0),
(511, 'YUTO', 1167, 'ALTO COMEDERO', 'DOCTOR MANUEL BELGRANO', 0),
(512, 'AV. PARROCO MARSHKE', 260, '1 DE MARZO', 'DOCTOR MANUEL BELGRANO', 0),
(513, 'AV. CORDOBA', 1437, 'CENTRO', 'DOCTOR MANUEL BELGRANO', 0),
(514, 'ARGA?ARAZ', 173, 'CENTRO', 'DOCTOR MANUEL BELGRANO', 0),
(515, 'DIAZ PEREYRA', 1259, 'CORONEL ARIAS', 'DOCTOR MANUEL BELGRANO', 0),
(516, 'JOSE DE LA IGLESIA ', 1162, 'CASTA?EDA', 'DOCTOR MANUEL BELGRANO', 0),
(517, 'PATRICIAS ARGENTINAS', 0, 'CENTRO', 'DOCTOR MANUEL BELGRANO', 0),
(518, 'PASAJE LOS LAPACHOS', 0, 'PROVIDENCIA', 'SAN PEDRO', 0),
(519, '9 DE JULIO', 881, 'LAS MADERAS', 'SAN PEDRO', 0),
(520, 'MARTIN FIERRO', 679, 'CENTRO', 'DOCTOR MANUEL BELGRANO', 0),
(521, 'INDEPENDENCIA', 764, 'CENTRO', 'DOCTOR MANUEL BELGRANO', 0),
(522, 'PEATONAL 36', 505, 'SANTA RITA', 'DOCTOR MANUEL BELGRANO', 0),
(523, 'REPUBLICA DOMINICANA', 250, 'MARIANO MORENO', 'DOCTOR MANUEL BELGRANO', 0),
(524, 'AVENIDA AZOPARDO', 22, 'ALMIRANTE BROWN', 'DOCTOR MANUEL BELGRANO', 0),
(525, 'BALCARCE', 122, 'CENTRO', 'DOCTOR MANUEL BELGRANO', 0),
(526, '', 0, 'TUPAC AMARU - ALTO COMEDERO', 'DOCTOR MANUEL BELGRANO', 0),
(527, 'EL PROGRESO ', 1445, 'EL CHINGO', 'DOCTOR MANUEL BELGRANO', 0),
(528, 'AV. 1 DE MAYO', 267, 'BELGRANO', 'DOCTOR MANUEL BELGRANO', 0),
(529, 'RIVADAVIA', 134, 'CENTRO', 'EL CARMEN', 0),
(530, 'LAS HERAS', 855, 'ALMIRANTE BROWN', 'DOCTOR MANUEL BELGRANO', 0),
(531, 'BELGRANO', 1043, 'CENTRO', 'DOCTOR MANUEL BELGRANO', 0),
(532, 'ALMIRANTE BROWN', 857, 'ALMIRANTE BROWN', 'DOCTOR MANUEL BELGRANO', 0),
(533, 'UNDIANO', 938, 'ALTO COMEDERO ', 'DOCTOR MANUEL BELGRANO', 0),
(534, 'RIVADAVIA', 94, 'CENTRO', 'EL CARMEN', 0),
(535, 'PELLEGRINI', 268, 'FLORIDA', 'PALPALA', 0),
(536, 'SALTA', 921, 'CENTRO', 'DOCTOR MANUEL BELGRANO', 0),
(537, 'LAMADRID ', 662, 'CENTRO', 'DOCTOR MANUEL BELGRANO', 0),
(538, 'ARISTOBULO DEL VALLE', 254, 'CENTRO', 'SAN PEDRO', 0),
(539, 'JUJUY', 471, 'CENTRO', 'LEDESMA', 0),
(540, 'DEAN FUNES', 1239, 'SAN PEDRITO - 249 VIVIENDAS', 'DOCTOR MANUEL BELGRANO', 0),
(541, 'HIPOLITO YRIGOYEN', 381, 'CENTRO', 'SAN PEDRO', 0),
(542, 'AV. 9 DE JULIO', 0, 'CENTRO', 'EL CARMEN', 0),
(543, 'NECOCHEA', 522, 'CENTRO', 'DOCTOR MANUEL BELGRANO', 0),
(544, 'AV. FORESTAL', 0, 'ALTO COMEDERO', 'DOCTOR MANUEL BELGRANO', 0),
(545, 'PELLEGRINI', 77, 'SALTA', 'YAVI', 0),
(546, 'JUANITA MORO', 612, 'BELGRANO', 'DOCTOR MANUEL BELGRANO', 0),
(547, 'CLAVERIE', 1048, 'BERNACCHI', 'SAN PEDRO', 0),
(548, 'MZA. AP. 4 LOTE 15 AL 20Has.', 0, 'ODIJ', 'EL CARMEN', 0),
(549, 'RADIO ESTACION', 0, '', 'YAVI', 0),
(550, 'INDEPENDENCIA', 1178, 'CENTRO', 'DOCTOR MANUEL BELGRANO', 0),
(551, 'MNA. AP27 LOTE 1', 0, 'ALTO COMEDERO', 'DOCTOR MANUEL BELGRANO', 0),
(552, 'AV. LA BANDERA', 117, 'CENTRO', 'EL CARMEN', 0),
(553, 'GOBERNADOR TELLO ', 252, 'CENTRO', 'SAN PEDRO', 0),
(554, 'EL CLAVILLO', 94, 'LOS PERALES', 'DOCTOR MANUEL BELGRANO', 0),
(555, 'DORREGO', 217, 'CENTRO', 'EL CARMEN', 0),
(556, 'AV. RIO DE LA PLATA', 354, 'SAN IGNACIO DE LOYOLA', 'PALPALA', 0),
(557, 'DR. RICARDO BALBIN', 1409, 'BAJO LA VI?A', 'DOCTOR MANUEL BELGRANO', 0),
(558, 'AV. ARTURO ILLIA', 451, 'LOS PERALES', 'DOCTOR MANUEL BELGRANO', 0),
(559, 'JUANITA STEVENS', 1350, 'CENTRO', 'DOCTOR MANUEL BELGRANO', 0),
(560, '', 0, '', 'TILCARA', 0),
(561, '', 0, '', '', 0),
(562, '25 DE MAYO', 0, '', 'COCHINOCA', 0),
(563, '', 0, '', 'EL CARMEN', 0),
(564, '', 0, '', 'TILCARA', 0),
(565, '', 0, '', '', 0),
(566, '', 0, '', 'HUMAHUACA', 0),
(567, '', 0, '', 'YAVI', 0),
(568, '', 0, '', 'HUMAHUACA', 0),
(569, 'RUTA PROVINCIAL N 13', 0, '', 'HUMAHUACA', 0),
(570, '', 0, '', 'TILCARA', 0),
(571, 'LOTE SAN JUANCITO', 0, '', 'EL CARMEN', 0),
(572, 'RIO LOS SAUCES', 0, 'RIO BLANCO ', 'PALPALA', 0),
(573, '', 0, '', 'TILCARA', 0),
(574, '', 0, '', 'HUMAHUACA', 0),
(575, 'PATRICIAS ARGENTINAS', 353, 'CENTRO', 'DOCTOR MANUEL BELGRANO', 0),
(576, '', 0, '', 'YAVI', 0),
(577, 'AV. FASCIO', 934, 'CENTRO', 'DOCTOR MANUEL BELGRANO', 0),
(578, '', 0, '', 'EL CARMEN', 0),
(579, 'RUTA PROVINCIAL N 56', 0, '', 'SAN PEDRO', 0),
(580, 'VOLCAN', 132, 'SAN CAYETANO', 'DOCTOR MANUEL BELGRANO', 0),
(581, '', 0, 'NUEVA ESPERANZA', 'SANTA BARBARA', 0),
(582, '9 DE JULIO', 7, '', 'SAN PEDRO', 0),
(583, 'GRANADEROS', 1582, 'SAN PEDRITO', 'DOCTOR MANUEL BELGRANO', 0),
(584, 'JUANA AZURDUY', 0, 'PATRICIAS ARGENTINAS', 'LEDESMA', 0),
(585, 'PJE SIN NOMBRE', 0, 'CORONEL ARIAS', 'DOCTOR MANUEL BELGRANO', 0),
(586, 'NI?AS DE AYOHUMA', 0, 'PATRICIAS ARGENTINAS', 'LEDESMA', 0),
(587, 'PADRE TEODORO WOLTERING', 405, 'HIPOLITO IRIGOYEN', 'DOCTOR MANUEL BELGRANO', 0),
(588, 'NI?AS DE AYOHUMA', 0, 'PATRICIAS ARGENTINAS', 'LEDESMA', 0),
(589, 'JOSE QUINTA.', 0, '', 'DOCTOR MANUEL BELGRANO', 0),
(590, 'MAIPU', 500, 'FLORIDA', 'PALPALA', 0),
(591, 'AV. YUTO', 0, 'ALTO COMEDERO - 8 DE MARZO', 'DOCTOR MANUEL BELGRANO', 0),
(592, 'CORONEL DAVILA', 1050, 'CIUDAD DE NIEVA', 'DOCTOR MANUEL BELGRANO', 0),
(593, 'JUANA AZURDUY', 0, 'PATRICIAS ARGENTINAS', 'LEDESMA', 0),
(594, 'MAESTRA MARIA MAGDALENA URZAGA', 0, '31 DE AGOSTO', 'COCHINOCA', 0),
(595, 'RIVADAVIA', 0, 'BELGRANO ', 'LEDESMA', 0),
(596, 'ESCOLASTICO ZEGADA', 1316, 'CUYAYA', 'DOCTOR MANUEL BELGRANO', 0),
(597, 'EL PALMAR', 0, 'ALTO COMEDERO', 'DOCTOR MANUEL BELGRANO', 0),
(598, 'AV. LIBERTADOR', 0, 'LA MERCED', 'SAN PEDRO', 0),
(599, 'ARISTOBULO DEL VALLE', 316, 'CENTRO', 'SAN PEDRO', 0),
(600, 'DR. CARRILLO', 774, 'CIUDAD DE NIEVA', 'DOCTOR MANUEL BELGRANO', 0),
(601, 'CALLE 282', 0, 'ALTO COMEDERO', 'DOCTOR MANUEL BELGRANO', 0),
(602, 'AV DR. JOSE MARIA FASCIO', 0, '18 DE NOVIEMBRE', 'PALPALA', 0),
(603, 'ESTEBAN LEACH', 0, '', 'SAN PEDRO', 0),
(604, 'AV RICARDO BALBIN', 2532, 'BAJO LA VI?A', 'DOCTOR MANUEL BELGRANO', 0),
(605, 'CONSTITUCION', 391, 'CUYAYA', 'DOCTOR MANUEL BELGRANO', 0),
(606, 'AV. JUAN DOMINGO PERON', 274, 'CENTRO', 'COCHINOCA', 0),
(607, 'SARGENTO CABRAL', 225, '25 DE MAYO', 'PALPALA', 0),
(608, 'EXODO JUJE?O', 0, 'EJERCITO DEL NORTE', 'SAN PEDRO', 0),
(609, 'LEOPOLDO MARECHAL', 350, 'LA POSTA', 'EL CARMEN', 0),
(610, 'SANTOS VEGA', 2162, 'GUEMES', 'SAN PEDRO', 0),
(611, 'YAVI', 0, 'SAN JOSE', 'PALPALA', 0),
(612, 'REMEDIOS DE ESCALADA', 0, 'SAN MARTIN', 'DOCTOR MANUEL BELGRANO', 0),
(613, 'SAN MARTIN', 1272, 'CENTRO', 'DOCTOR MANUEL BELGRANO', 0),
(614, 'LAVALLE', 855, 'ESCALINATA', 'TILCARA', 0),
(615, 'CORRIENTES', 606, 'CENTRO', 'HUMAHUACA', 0),
(616, 'OLAVARRIA', 501, 'CUYAYA', 'DOCTOR MANUEL BELGRANO', 0),
(617, 'MENDOZA', 661, 'CENTRO', 'LEDESMA', 0),
(618, 'PUERTO LOS PARAISOS', 0, 'ANTARTIDA ARGENTINA', 'PALPALA', 0),
(619, 'PJE. ROGELIA LOZANO', 0, 'SAN JOSE', 'SAN PEDRO', 0),
(620, 'MARIANO MORENO', 0, '23 DE AGOSTO', 'COCHINOCA', 0),
(621, 'AVDA. SARMIENTO', 448, 'CENTRO', 'LEDESMA', 0),
(622, 'CATUA ', 1630, 'ALTO COMEDERO - B5', 'DOCTOR MANUEL BELGRANO', 0),
(623, 'HIPOLITO YRIGOYEN', 0, '', 'YAVI', 0),
(624, 'PATERSON', 27, 'CENTRO', 'SAN PEDRO', 0),
(625, 'JUJUY', 184, 'CENTRO', 'LEDESMA', 0),
(626, 'CALLE 522', 0, '30 HECTAREAS-ALTO COMEDERO', 'DOCTOR MANUEL BELGRANO', 0),
(627, 'RIVADAVIA', 120, 'PATRICIOS', 'SAN PEDRO', 0),
(628, 'AV ROBERTO DARDO DOMINGUEZ', 0, 'CENTRO', 'SANTA BARBARA', 0),
(629, 'PJE. SIN NOMBRE', 0, 'SANTA ROSA', 'DOCTOR MANUEL BELGRANO', 0),
(630, 'AV. SIRIA', 188, 'CENTRO', 'SAN PEDRO', 0),
(631, 'ALMIRANTE BROWN', 0, 'SAN FRANCISCO', 'LEDESMA', 0),
(632, 'AV. PARAGUAY', 0, 'SANTA TERESITA', 'YAVI', 0),
(633, 'AV. MAIMARA', 0, 'EL CHINGO', 'DOCTOR MANUEL BELGRANO', 0),
(634, 'RUTA N 43', 0, '', 'EL CARMEN', 0),
(635, 'AV. RECONQUISTA ', 0, 'CAROLINA', 'PALPALA', 0),
(636, 'PATERSON', 463, 'JUBILADO', 'LEDESMA', 0),
(637, 'BELGRANO', 1157, 'CENTRO', 'DOCTOR MANUEL BELGRANO', 0),
(638, 'FRANCISCO PASTOR', 0, '23 DE AGOSTO', 'HUMAHUACA', 0),
(639, 'AV. TTE. BOLZAN', 862, ' ALTO COMEDERO', 'DOCTOR MANUEL BELGRANO', 0),
(640, 'SAN LORENZO', 1123, 'MARIANO MORENO', 'DOCTOR MANUEL BELGRANO', 0),
(641, 'FELIPE HARDCASTLE', 0, 'SAN MIGUEL', 'LEDESMA', 0),
(642, 'AV. PERU', 1201, 'MARIANO MORENO', 'DOCTOR MANUEL BELGRANO', 0),
(643, 'TEODORO SANCHEZ DE BUSTAMANTE', 0, 'CENTRO', 'LEDESMA', 0),
(644, 'COCHABAMBA', 1362, 'SAN PEDRITO', 'DOCTOR MANUEL BELGRANO', 0),
(645, 'AV FORESTAL', 1996, 'ALTO COMEDERO - B3 ', 'DOCTOR MANUEL BELGRANO', 0),
(646, '', 0, 'SECTOR NUEVA CIUDAD', 'SAN PEDRO', 0),
(647, 'SERAPIO SORIA', 243, 'CENTRO', 'SAN PEDRO', 0),
(648, 'SAN MARTIN', 647, 'SAN IGNACIO', 'EL CARMEN', 0),
(649, 'AV. ALMIRANTE BROWN', 1860, 'SAN PEDRITO', 'DOCTOR MANUEL BELGRANO', 0),
(650, 'CLAVERIE', 242, 'BERNACCHI', 'SAN PEDRO', 0),
(651, 'FLOR DEL PAGO', 1323, 'CAMPO VERDE', 'DOCTOR MANUEL BELGRANO', 0),
(652, 'SANTA FE', 100, 'SANTA BARBARA', 'HUMAHUACA', 0),
(653, 'DAMAS MENDOCINAS', 0, 'SAN ROQUE', 'LEDESMA', 0),
(654, 'AV. HIPOLITO IRIGOYEN MZ78 LOT', 0, '1?DE MAYO', 'EL CARMEN', 0),
(655, 'AV ALMIRANTE BROWN', 570, 'ALMIRANTE BROWN', 'DOCTOR MANUEL BELGRANO', 0),
(656, 'ROBERTO SANCHO', 3470, 'ISLAS MALVINAS', 'DOCTOR MANUEL BELGRANO', 0),
(657, 'PARQUE ACUATICO', 0, 'ALTO COMEDERO - TUPAC AMARU', 'DOCTOR MANUEL BELGRANO', 0),
(658, 'MARINERO ROBERTO SANCHO', 3163, 'ISLAS MALVINAS ', 'DOCTOR MANUEL BELGRANO', 0),
(659, 'SUIPACHA', 0, 'CENTRO', 'YAVI', 0),
(660, 'AV. 10 DE JUNIO', 340, 'ISLAS MALVINAS', 'DOCTOR MANUEL BELGRANO', 0),
(661, 'SUB OFICIAL MATE DE LUNA', 1486, 'ALTO COMEDERO', 'DOCTOR MANUEL BELGRANO', 0),
(662, 'MZA 14 ENTRE CALLE SARGENTI Y ', 0, '6 DE MARZO, SECTOR ALTO COMEDE', 'DOCTOR MANUEL BELGRANO', 0),
(663, 'INDEPENDENCIA', 2, 'LOS NARANJOS', 'DOCTOR MANUEL BELGRANO', 0),
(664, 'SAN RAMON', 602, 'SAN CAYETANO', 'SAN PEDRO', 0),
(665, 'AV. SAN PEDRO', 296, '518 VIVIENDAS', 'LEDESMA', 0),
(666, '9 DE JULIO', 800, 'SAN ANTONIO', 'EL CARMEN', 0),
(667, 'JUANA MANUELA GORRITI', 560, 'GORRITI', 'DOCTOR MANUEL BELGRANO', 0),
(668, 'GUATEMALA', 182, 'LA PAZ', 'EL CARMEN', 0),
(669, 'CATAMARCA', 0, '', 'YAVI', 0),
(670, 'ZARATE', 151, '17 DE AGOSTO - ALTE. BROWN', 'DOCTOR MANUEL BELGRANO', 0),
(671, 'AV EL EXODO', 114, 'LUJAN', 'DOCTOR MANUEL BELGRANO', 0),
(672, 'RIO PARANA', 365, 'SAN IGNACIO DE LOYOLA', 'PALPALA', 0),
(673, 'AV.SANTIBA?EZ', 1400, 'CENTRO', 'DOCTOR MANUEL BELGRANO', 0),
(674, 'AV LIBERTAD', 0, 'GRAL.MANUEL BELGRANO', 'LEDESMA', 0),
(675, 'SAN JOSE', 0, 'JARDIN', 'EL CARMEN', 0),
(676, 'AV. BELGRANO', 694, '23 DE AGOSTO', 'PALPALA', 0),
(677, 'SARMIENTO', 250, 'CENTRO', 'SAN PEDRO', 0),
(678, 'LA FE', 0, 'CHIJRA', 'DOCTOR MANUEL BELGRANO', 0),
(679, 'FLORIDA', 0, 'LEDESMA', 'LEDESMA', 0),
(680, 'HUMAHUACA', 0, '23 DE AGOSTO', 'SAN PEDRO', 0),
(681, 'MINA PAN DE AZUCAR', 340, 'SANTA BARBARA - SECTOR B', 'PALPALA', 0),
(682, 'SAN MARTIN', 750, 'CENTRO', 'DOCTOR MANUEL BELGRANO', 0),
(683, 'RIVADAVIA', 224, 'CENTRO', 'EL CARMEN', 0),
(684, 'SAN MARTIN', 1070, 'CENTRO', 'DOCTOR MANUEL BELGRANO', 0),
(685, 'ALVEAR', 1063, 'CENTRO', 'DOCTOR MANUEL BELGRANO', 0),
(686, 'BUENOS AIRES', 40, 'JUAN MANUEL DE ROSAS', 'EL CARMEN', 0),
(687, 'INDEPENDENCIA', 491, 'POMELAR', 'LEDESMA', 0),
(688, 'MNA AP 27 LOTE 6', 0, '47 HECT. ALTO COMEDERO', 'DOCTOR MANUEL BELGRANO', 0),
(689, 'AV. JUAN DOMINGO PERON', 238, 'CENTRO', 'COCHINOCA', 0),
(690, 'MISIONES', 0, 'SAN ROQUE', 'LEDESMA', 0),
(691, 'RIVADAVIA', 482, 'CENTRO', 'TILCARA', 0),
(692, '9 DE JULIO', 1332, 'SAN CAYETANO', 'SAN PEDRO', 0),
(693, 'RUTA PROVINCIAL N?19', 0, '', 'LEDESMA', 0),
(694, '', 0, '', 'HUMAHUACA', 0),
(695, '', 0, '', 'PALPALA', 0),
(696, '', 0, '', '', 0),
(697, '', 0, '', '', 0),
(698, '', 0, '', 'HUMAHUACA', 0),
(699, '', 0, '', '', 0),
(700, '', 0, '', 'COCHINOCA', 0),
(701, '', 0, '', 'HUMAHUACA', 0),
(702, '', 0, '', '', 0),
(703, '', 0, '', 'HUMAHUACA', 0),
(704, '', 0, '', 'HUMAHUACA', 0),
(705, '', 0, '', '', 0),
(706, '', 0, '', '', 0),
(707, '', 0, '', '', 0),
(708, '', 0, '', '', 0),
(709, '', 0, '', '', 0),
(710, '', 0, '', '', 0),
(711, '', 0, '', 'HUMAHUACA', 0),
(712, '', 0, '', 'DOCTOR MANUEL BELGRANO', 0),
(713, '', 0, '', 'COCHINOCA', 0),
(714, '', 0, '', 'HUMAHUACA', 0),
(715, 'CALLE SIN NOMBRE', 0, 'SIN NOMBRE', 'COCHINOCA', 0),
(716, '20 DE ENERO', 0, '', '', 0),
(717, '', 0, '', '', 0),
(718, '', 0, '', '', 0),
(719, '', 0, '', '', 0),
(720, '9 DE JULIO ', 0, 'CENTRO', '', 0),
(721, 'SAN MIGUEL DE COLORADO', 0, '', '', 0),
(722, '', 0, '', 'DOCTOR MANUEL BELGRANO', 0),
(723, '', 0, '', 'YAVI', 0),
(724, '', 0, '', 'HUMAHUACA', 0),
(725, 'CAMINO VECINAL', 0, '', 'SAN PEDRO', 0),
(726, 'EXODO', 0, '', 'COCHINOCA', 0),
(727, 'AV. 23 DE AGOSTO', 0, '', '', 0),
(728, 'CALLE SIN NOMBRE', 0, '', '', 0),
(729, '', 0, '', 'YAVI', 0),
(730, 'RAUL B. DIAZ', 0, 'CENTRO', '', 0),
(731, 'RUTA PROVINCIAL 23', 0, '', 'SAN PEDRO', 0),
(732, '', 0, '', 'HUMAHUACA', 0),
(733, '', 0, '', '', 0),
(734, 'LOS ANGELES', 0, '', 'YAVI', 0),
(735, 'SAN MARTIN', 0, '', '', 0),
(736, 'HERMOGENES CAYO', 0, 'PUEBLO', 'COCHINOCA', 0),
(737, 'AV. LUIS PEDETI', 0, '', 'DOCTOR MANUEL BELGRANO', 0),
(738, 'AV. 9 DE JULIO', 0, '', '', 0),
(739, '25 DE MAYO', 0, '', 'COCHINOCA', 0),
(740, '19 DE ABRIL', 0, '', '', 0),
(741, 'CARMELO WAYAR', 0, '', 'YAVI', 0),
(742, 'SARMIENTO', 0, '', 'COCHINOCA', 0),
(743, 'RUTA 20 KM 18', 0, '', 'PALPALA', 0),
(744, 'BELGRANO', 0, '', '', 0),
(745, 'AV DEL TRABAJO', 0, '', 'SAN PEDRO', 0),
(746, '2 DE JUNIO', 0, '', 'HUMAHUACA', 0),
(747, '25 DE MAYO', 0, '', '', 0),
(748, '', 0, '', '', 0),
(749, 'PARQUE CLUB ALBERDI', 1, '', 'HUMAHUACA', 0),
(750, 'RUTA PROVINCIAL N 6', 0, '', 'SANTA BARBARA', 0),
(751, 'SAN MARTIN', 518, 'CENTRO', 'DOCTOR MANUEL BELGRANO', 0),
(752, 'BUENOS AIRES', 0, '', '', 0),
(753, 'PABLO SORIA ', 0, '', 'LEDESMA', 0),
(754, 'RUTA N 9', 0, '', 'TILCARA', 0),
(755, 'JOSE DE LA IGLESIA', 1341, 'BAJO CASTA?EDA', 'DOCTOR MANUEL BELGRANO', 0),
(756, '', 0, '', 'EL CARMEN', 0),
(757, 'EXODO JUJE?O', 0, 'EJERCITO DEL NORTE', 'SAN PEDRO', 0),
(758, 'SIN NOMBRE', 0, '', '', 0),
(759, 'MARIANO MORENO', 0, '', '', 0),
(760, '', 0, '', 'EL CARMEN', 0),
(761, 'LAVALLE', 0, 'ESCALINATA', 'TILCARA', 0),
(762, '', 0, '', 'SAN PEDRO', 0),
(763, '', 0, 'NUEVA CIUDAD', 'EL CARMEN', 0),
(764, 'SARMIENTO', 0, '', 'DOCTOR MANUEL BELGRANO', 0),
(765, 'SAN MARTIN', 930, 'CENTRO', 'DOCTOR MANUEL BELGRANO', 0),
(766, 'CARLOS ALVARADO', 0, 'LOZANO', 'DOCTOR MANUEL BELGRANO', 0),
(767, 'LOS ALISOS', 102, '', '', 0),
(768, 'RIVADAVIA', 482, 'CENTRO', 'TILCARA', 0),
(769, 'ARROYO COLORADO', 0, 'BICENTENARIO', 'DOCTOR MANUEL BELGRANO', 0),
(770, 'EL HUMAHUAQUE?O', 0, 'VILLA JARDIN DE REYES', 'DOCTOR MANUEL BELGRANO', 0),
(771, 'RIOJA', 1930, 'CUYAYA', 'DOCTOR MANUEL BELGRANO', 0),
(772, '', 0, '', 'HUMAHUACA', 0),
(773, 'PARAJE RURAL PUERTA VERDE', 0, 'SAN LUCAS', 'SAN PEDRO', 0),
(774, '', 0, 'SAN JORGE', 'SAN PEDRO', 0),
(775, 'AV DOMINGO ZERPA', 0, 'CENTRO', 'COCHINOCA', 0),
(776, 'CALLE SIN NOMBRE', 0, 'NAVEA', 'SAN ANTONIO', 0),
(777, '', 0, '', 'LEDESMA', 0),
(778, 'RUTA PROVINCIAL N 53', 0, 'SAN FRANCISCO DE ASIS', 'EL CARMEN', 0),
(779, 'ENTRE COLECTORA PTE. PERON Y A', 0, '', 'LEDESMA', 0),
(780, '', 0, '', 'PALPALA', 0),
(781, '', 0, '', 'SANTA BARBARA', 0),
(782, 'PASQUINI LOPEZ', 184, 'ALTO LA VI?A', 'DOCTOR MANUEL BELGRANO', 0),
(783, 'SARMIENTO', 0, '1?DE MAYO', 'SAN PEDRO', 0),
(784, '', 0, '', 'HUMAHUACA', 0),
(785, 'SAN MARTIN', 1252, 'CENTRO', 'DOCTOR MANUEL BELGRANO', 0),
(786, '30 HECTAREAS', 0, 'ALTO COMEDERO', 'DOCTOR MANUEL BELGRANO', 0),
(787, 'RUTA NACIONAL N 34', 0, 'LA LOMA', 'LEDESMA', 0),
(788, 'TTE. JUCKINGS', 0, 'FUERZA AEREA ARGENTINA - ALTO ', 'DOCTOR MANUEL BELGRANO', 0),
(789, 'SUSQUES', 0, 'SAN JOSE', 'PALPALA', 0),
(790, 'FRANCISCO PASTOR ', 0, '23 DE AGOSTO', 'HUMAHUACA', 0),
(791, 'LAVALLE', 422, 'CENTRO', 'DOCTOR MANUEL BELGRANO', 0),
(792, 'VELEZ SARSFIELD', 256, 'CENTRO', 'SAN PEDRO', 0),
(793, 'BELISARIO RUIZ ', 260, 'HORACIO GUZMAN', 'SAN PEDRO', 0),
(794, 'VICE COMODORO R. DE LA COLINA', 381, 'ALTO COMEDERO - 281 VIVIENDAS', 'DOCTOR MANUEL BELGRANO', 0),
(795, 'AV. ING. CARLOS SNOPEK', 0, 'BOCA', 'SANTA BARBARA', 0),
(796, 'PEATONAL 25', 0, 'CUYAYA', 'DOCTOR MANUEL BELGRANO', 0),
(797, 'CORDOBA', 0, 'VIRGEN DEL ROSARIO', 'EL CARMEN', 0),
(798, 'TUYUTI', 0, 'LOS HUAICOS', 'DOCTOR MANUEL BELGRANO', 0),
(799, 'SAN MARTIN', 872, 'CENTRO', 'DOCTOR MANUEL BELGRANO', 0),
(800, 'AV. TANCO', 0, '', 'SANTA BARBARA', 0),
(801, 'RUTA 42', 0, '', 'EL CARMEN', 0),
(802, '274', 0, 'EL BALCON', 'DOCTOR MANUEL BELGRANO', 0),
(803, '', 0, 'ODIJ', 'EL CARMEN', 0),
(804, '19 DE ABRIL', 0, '', 'LEDESMA', 0),
(805, 'PATRICIAS ARGENTINAS', 433, 'CENTRO', 'DOCTOR MANUEL BELGRANO', 0),
(806, 'MAIPU', 500, 'FLORIDA', 'PALPALA', 0),
(807, 'AV. LIBERTAD', 0, 'BELGRANO', 'LEDESMA', 0),
(808, 'LAPRIDA', 0, '', 'EL CARMEN', 0),
(809, 'GUAYATAYOC', 0, 'ALTO COMEDERO - B5', 'DOCTOR MANUEL BELGRANO', 0),
(810, 'SAN JORGE', 0, 'SAN CAYETANO', 'SAN PEDRO', 0),
(811, 'LUIS MARIA BLAQUIER', 0, 'LEDESMA', 'LEDESMA', 0),
(812, 'MIKKELSEN', 15, 'MUNICIPAL', 'SAN PEDRO', 0),
(813, 'CARLOS FASCIO ', 0, 'VIRGEN DEL ROSARIO', 'EL CARMEN', 0),
(814, 'AV. LIBERTAD', 0, 'BELGRANO', 'LEDESMA', 0),
(815, 'EMANUEL CONTA', 236, 'CENTRO', 'SAN PEDRO', 0),
(816, 'ECUADOR', 575, 'SANTA ROSA DE LIMA', 'SAN PEDRO', 0),
(817, 'RUTA N 9', 0, 'VILLA LAS ROSAS', 'TILCARA', 0),
(818, 'AV PLINIO ZABALA', 0, 'LA POSTA', 'EL CARMEN', 0),
(819, 'JOSE MARIA FASCIO', 0, 'CENTRO', 'LEDESMA', 0),
(820, 'AV. FORESTAL', 0, 'ALTO COMEDERO', 'DOCTOR MANUEL BELGRANO', 0),
(821, 'CORRIENTES', 606, 'CENTRO', 'HUMAHUACA', 0),
(822, 'PERU', 1201, 'MARIANO MORENO', 'DOCTOR MANUEL BELGRANO', 0),
(823, 'PORTUGAL', 0, 'LOTEO NUEVO PERICO', 'EL CARMEN', 0),
(824, '', 0, '', 'SANTA BARBARA', 0),
(825, 'GUEMES', 1064, 'CENTRO', 'DOCTOR MANUEL BELGRANO', 0),
(826, '', 0, 'LOTEO FISCAL', 'EL CARMEN', 0),
(827, 'LISANDRO DE LA TORRE', 350, 'GORRITI', 'DOCTOR MANUEL BELGRANO', 0),
(828, 'RIO TUNUYAN', 0, 'SAN IGNACIO DE LOYOLA', 'PALPALA', 0),
(829, 'COCHABAMBA', 1260, 'SAN PEDRITO - 249 VIVIENDAS', 'DOCTOR MANUEL BELGRANO', 0),
(830, 'TTE FARIAS', 0, 'ALTO COMEDERO - 128 VIVIENDAS', 'DOCTOR MANUEL BELGRANO', 0),
(831, 'EJERCITO DEL NORTE', 0, '20  DE JUNIO', 'YAVI', 0),
(832, 'PALMA CARRILLO', 425, 'BAJO LA VI?A', 'DOCTOR MANUEL BELGRANO', 0),
(833, '23 DE AGOSTO', 0, 'CENTRO', 'LEDESMA', 0),
(834, 'BUSTAMANTE', 656, '23 DE AGOSTO', 'EL CARMEN', 0),
(835, 'AV. ESPA?A', 1700, 'CENTRO', 'DOCTOR MANUEL BELGRANO', 0),
(836, 'MARTIN RODRIGUEZ', 0, 'CENTRO', 'TILCARA', 0),
(837, 'INDEPENDENCIA', 947, 'CENTRO', 'DOCTOR MANUEL BELGRANO', 0),
(838, 'SANTA BARBARA', 677, '20 DE JUNIO', 'DOCTOR MANUEL BELGRANO', 0),
(839, 'CHACHO PE?ALOZA ESQUINA MARTIJ', 0, 'CANAL DE BEAGLE', 'PALPALA', 0),
(840, 'JUJUY', 184, 'CENTRO', 'LEDESMA', 0),
(841, 'AV. 10 DE JUNIO', 0, 'MALVINAS ARGENTINAS', 'DOCTOR MANUEL BELGRANO', 0),
(842, 'AV. ITALIA', 48, 'LOS NARANJOS', 'DOCTOR MANUEL BELGRANO', 0),
(843, 'MIGUEL ARAOZ', 220, 'CENTRO', 'SAN PEDRO', 0),
(844, 'CATAMARCA', 35, 'CENTRO', 'YAVI', 0),
(845, 'AV. JUAN DOMINGO PERON', 274, 'CENTRO', 'COCHINOCA', 0),
(846, 'SAN MARTIN', 750, 'CENTRO', 'DOCTOR MANUEL BELGRANO', 0),
(847, 'BRASIL', 0, 'MARIANO MORENO', 'DOCTOR MANUEL BELGRANO', 0),
(848, 'GORRITI', 343, 'CENTRO', 'DOCTOR MANUEL BELGRANO', 0),
(849, 'PEDRO E ARAMBURU', 301, 'CANAL BEAGLE', 'PALPALA', 0),
(850, 'PATERSON', 271, 'CENTRO', 'SAN PEDRO', 0),
(851, 'MARIANO MORENO', 1368, 'HERMINIO ARRIETA', 'LEDESMA', 0),
(852, 'SALTA', 1143, 'CENTRO', 'DOCTOR MANUEL BELGRANO', 0),
(853, 'BELISARIO ROLDAN', 0, 'SANTA ROSA', 'LEDESMA', 0),
(854, 'GRAL LOPEZ ESQ PEDRO DEL PORTA', 0, 'CIUDAD DE NIEVA', 'DOCTOR MANUEL BELGRANO', 0),
(855, 'SARMIENTO', 0, 'CENTRO', 'EL CARMEN', 0),
(856, 'ALMIRANTE BROWN', 0, 'ISLAS MALVINAS', 'SAN PEDRO', 0),
(857, 'GASPAR ROSSO', 0, 'CORONEL ARIAS', 'DOCTOR MANUEL BELGRANO', 0),
(858, 'AVDA. EVA PERON', 0, 'CENTRO', 'SANTA BARBARA', 0),
(859, 'BELGRANO', 100, 'LOS NARANJOS', 'DOCTOR MANUEL BELGRANO', 0),
(860, 'PRESIDENTE ILLIA', 0, 'SANTA ANA', 'EL CARMEN', 0),
(861, 'AV SANTIBA?EZ', 1220, 'CENTRO', 'DOCTOR MANUEL BELGRANO', 0),
(862, 'BALCARCE', 0, 'CENTRO', 'YAVI', 0),
(863, 'AVENIDA MARTIJENA', 0, 'BELGRANO', 'PALPALA', 0),
(864, 'MNA. AP 24 LOTE 4-14', 0, 'ALTO COMEDERO - 47 HECTAREAS', 'DOCTOR MANUEL BELGRANO', 0),
(865, 'URUGUAY', 0, 'MARCELO QUEVEDO CORNEJO', 'EL CARMEN', 0),
(866, 'AV. JUJUY', 242, '23 DE AGOSTO', 'SAN PEDRO', 0),
(867, 'SANCHEZ DE BUSTAMANTE', 605, '23 DE AGOSTO', 'EL CARMEN', 0),
(868, 'ALVEAR', 1145, 'CENTRO', 'DOCTOR MANUEL BELGRANO', 0),
(869, '', 0, '', '', 0),
(870, 'FASCIO', 355, '23 DE AGOSTO', 'SAN PEDRO', 0),
(871, 'RIVADAVIA', 0, '', '', 0),
(872, 'AV. 9 DE NOVIEMBRE', 0, '', 'HUMAHUACA', 0),
(873, 'AV. MARIANO MORENO', 0, 'CENTRO', '', 0),
(874, 'LA PAMPA', 0, 'SAN CAYETANO', 'LEDESMA', 0),
(875, 'AV. LIBERTADOR', 0, '23 DE AGOSTO', 'COCHINOCA', 0),
(876, 'SARMIENTO', 0, 'CENTRO', 'TILCARA', 0),
(877, '', 0, 'CENTRO MINA', 'EL CARMEN', 0),
(878, 'AVDA. 24 DE MAYO', 0, 'PLAN FIL', 'LEDESMA', 0),
(879, 'CINCEL', 0, '', '', 0),
(880, 'AV. 25 DE ABRIL', 0, 'BELGRANO', 'DOCTOR MANUEL BELGRANO', 0),
(881, 'AV BELGRANO', 651, 'OBRERO', 'EL CARMEN', 0),
(882, 'MARIA T. CARDOZO DE GOMEZ', 0, 'SANTA BARBARA', 'HUMAHUACA', 0),
(883, 'ARISTOBULO DEL VALLE', 50, 'CENTRO', 'SAN PEDRO', 0),
(884, 'ROBERTO SANCHO', 3470, 'ISLAS MALVINAS ', 'DOCTOR MANUEL BELGRANO', 0),
(885, 'AV PRESIDENTE PERON', 0, 'PATRICIAS ARGENTINAS', 'LEDESMA', 0),
(886, 'AVENIDA PAYPAYA', 501, '7 DE OCTUBRE', 'PALPALA', 0),
(887, '', 0, '', 'DOCTOR MANUEL BELGRANO', 0),
(888, 'DOCTOR  SABIN', 1103, 'CIUDAD DE NIEVA', 'DOCTOR MANUEL BELGRANO', 0),
(889, 'SAN MARTIN', 750, 'CENTRO', '', 0),
(890, '', 0, '', 'SANTA BARBARA', 0),
(891, '23 DE AGOSTO', 0, 'CENTRO', 'LEDESMA', 0),
(892, 'LA RIOJA', 0, 'CUYAYA', 'DOCTOR MANUEL BELGRANO', 0),
(893, 'GUEMES', 1061, 'CENTRO', 'DOCTOR MANUEL BELGRANO', 0),
(894, 'ALBERDI', 475, 'CENTRO', 'SAN PEDRO', 0),
(895, 'PEDRO GOYENA', 33, 'CENTRO', 'SAN PEDRO', 0),
(896, 'SAN MARTIN', 518, 'CENTRO', 'DOCTOR MANUEL BELGRANO', 0),
(897, 'AV. PARAGUAY', 0, '', 'YAVI', 0),
(898, 'AV. SIRIA', 44, '', 'SAN PEDRO', 0),
(899, 'LAVALLE', 589, 'CENTRO', 'DOCTOR MANUEL BELGRANO', 0),
(900, 'SAN MARTIN', 855, 'CENTRO', 'DOCTOR MANUEL BELGRANO', 0),
(901, 'ALVEAR', 1347, 'CENTRO', 'DOCTOR MANUEL BELGRANO', 0),
(902, 'LAVALLE', 422, 'CENTRO', 'DOCTOR MANUEL BELGRANO', 0),
(903, 'BELGRANO', 1158, 'CENTRO', 'DOCTOR MANUEL BELGRANO', 0),
(904, 'RAMIREZ DE VELAZCO', 526, 'CENTRO', 'DOCTOR MANUEL BELGRANO', 0),
(905, 'RUTA PROV 1 KM 9 ENTRE SANTUAR', 0, '7 DE OCTUBRE', 'PALPALA', 0),
(906, 'AVDA. BOLIVIA', 1550, 'LOS HUAICOS', 'DOCTOR MANUEL BELGRANO', 0),
(907, 'MARIANO MORENO', 0, 'ARRIETA', 'LEDESMA', 0),
(908, 'RUTA PROVINCIAL N 42', 0, 'ODIJ', 'EL CARMEN', 0),
(909, 'AV. FORESTAL', 613, 'ALTO COMEDERO', 'DOCTOR MANUEL BELGRANO', 0),
(910, 'LA RIOJA ', 1970, 'CUYAYA', 'DOCTOR MANUEL BELGRANO', 0),
(911, 'LAMADRID', 438, 'CENTRO', 'DOCTOR MANUEL BELGRANO', 0),
(912, 'BUENOS AIRES', 24, 'CENTRO', 'HUMAHUACA', 0),
(913, 'PATRICIAS ARGENTINAS  ', 0, 'CENTRO', 'DOCTOR MANUEL BELGRANO', 0),
(914, 'RAMIREZ DE VELAZCO', 346, 'CENTRO', 'DOCTOR MANUEL BELGRANO', 0),
(915, 'AV. URQUIZA', 0, 'CENTRO', 'DOCTOR MANUEL BELGRANO', 0),
(916, 'ALVEAR', 573, 'CENTRO', 'DOCTOR MANUEL BELGRANO', 0),
(917, 'SAN JORGE', 0, 'VIRGEN DEL VALLE', 'LEDESMA', 0),
(918, 'BELISARIO ROLDAN', 0, 'SANTA ROSA', 'LEDESMA', 0),
(919, 'MARIANO MORENO', 1368, 'HERMINIO ARRIETA', 'LEDESMA', 0),
(920, 'AV. JUAN DOMINGO PERON', 274, 'CENTRO', 'COCHINOCA', 0),
(921, 'JUJUY', 184, 'CENTRO', 'LEDESMA', 0),
(922, 'AV. SANTIBA?EZ', 1400, 'CENTRO', 'DOCTOR MANUEL BELGRANO', 0),
(923, 'GUEMES', 1054, 'CENTRO', 'DOCTOR MANUEL BELGRANO', 0),
(924, 'MALVINAS ARGENTINAS', 199, 'OBRERO', 'EL CARMEN', 0),
(925, 'LAVALLE', 0, '', 'TILCARA', 0),
(926, 'CORRIENTES', 606, 'CENTRO', 'HUMAHUACA', 0),
(927, 'GUEMES', 1092, 'CENTRO', 'DOCTOR MANUEL BELGRANO', 0),
(928, 'RIVADAVIA', 286, 'CENTRO', 'EL CARMEN', 0),
(929, 'MITRE', 255, 'CENTRO', 'SAN PEDRO', 0),
(930, 'AV. RIO DE LA PLATA', 248, 'SAN IGNACIO DE LOYOLA', 'PALPALA', 0),
(931, 'BAHIA BLANCA ', 235, 'KENNEDY', 'DOCTOR MANUEL BELGRANO', 0),
(932, 'AV GRAL LOPEZ', 0, '23 DE AGOSTO', 'DOCTOR MANUEL BELGRANO', 0),
(933, 'AV. CRUCERO GRAL. BELGRANO', 552, 'SAN ANTONIO', 'EL CARMEN', 0),
(934, 'GORRITI', 343, 'CENTRO', 'DOCTOR MANUEL BELGRANO', 0),
(935, 'JOSE DE LA IGLESIA', 1700, 'CUYAYA', 'DOCTOR MANUEL BELGRANO', 0),
(936, 'PJE. 3 SARGENTOS', 0, 'LOS NARANJOS', 'DOCTOR MANUEL BELGRANO', 0),
(937, 'SARMIENTO', 250, 'CENTRO', 'SAN PEDRO', 0),
(938, 'AV. BELGRANO', 456, 'CENTRO', 'EL CARMEN', 0),
(939, 'CATAMARCA', 35, 'CENTRO', 'YAVI', 0),
(940, 'PATERSON', 271, 'CENTRO', 'SAN PEDRO', 0),
(941, 'INDEPENDENCIA', 755, 'CENTRO', 'DOCTOR MANUEL BELGRANO', 0),
(942, 'SAN MARTIN', 750, 'CENTRO', 'DOCTOR MANUEL BELGRANO', 0),
(943, 'MNA. AP 20 LOTE 14-25', 0, '47 HECT. ALTO COMERDERO', 'DOCTOR MANUEL BELGRANO', 0),
(944, 'ALVEAR', 1145, 'CENTRO', 'DOCTOR MANUEL BELGRANO', 0),
(945, 'SARMIENTO', 268, 'CENTRO', 'DOCTOR MANUEL BELGRANO', 0),
(946, 'BUSTAMANTE', 265, 'LOS NARANJOS', 'DOCTOR MANUEL BELGRANO', 0),
(947, 'OBISPO MUNH', 565, 'CIUDAD DE NIEVA', 'DOCTOR MANUEL BELGRANO', 0),
(948, 'MEJIAS', 615, 'ISLAS MALVINAS', 'DOCTOR MANUEL BELGRANO', 0),
(949, 'AV. 24 DE MAYO', 0, 'VIRGEN DEL VALLE', 'LEDESMA', 0),
(950, 'DR. CLAVERIE', 755, 'ZARZOSO', 'SAN PEDRO', 0),
(951, 'RIVADAVIA', 0, 'CENTRO', 'EL CARMEN', 0),
(952, 'RIVADAVIA', 270, 'CENTRO', 'YAVI', 0),
(953, 'MANZANA 150 - LOTE 6', 0, 'EL ARENAL', 'DOCTOR MANUEL BELGRANO', 0),
(954, 'RIO BERMEJO', 1372, 'MARIANO MORENO', 'DOCTOR MANUEL BELGRANO', 0),
(955, 'JUANITA MORO', 0, 'PUNTA DIAMANTE', 'DOCTOR MANUEL BELGRANO', 0),
(956, 'AV. ESPA?A', 1660, 'CENTRO', 'DOCTOR MANUEL BELGRANO', 0),
(957, 'GUEMES', 1092, 'CENTRO', 'DOCTOR MANUEL BELGRANO', 0),
(958, 'MITRE', 686, 'CENTRO', 'EL CARMEN', 0),
(959, 'PATRICIAS ARGENTINAS', 0, 'SAN CAYETANO', 'YAVI', 0),
(960, 'AV. SIRIA', 44, 'CENTRO', 'SAN PEDRO', 0),
(961, 'SANTA FE', 34, 'CENTRO', 'HUMAHUACA', 0),
(962, 'LEANDRO L. ALEM', 0, 'CENTRO', 'EL CARMEN', 0),
(963, 'AV.PADRE REYMUNDO KEINER', 891, 'LEDESMA', 'LEDESMA', 0),
(964, 'CALLE ECHEVERRIA', 408, 'GORRITI', 'DOCTOR MANUEL BELGRANO', 0),
(965, 'MARTIN FIERRO', 679, 'CENTRO', 'DOCTOR MANUEL BELGRANO', 0),
(966, 'CORONEL DAVILA', 431, 'CIUDAD DE NIEVA', 'DOCTOR MANUEL BELGRANO', 0),
(967, 'PJE ECHEVERRIA', 408, 'GORRITI', 'DOCTOR MANUEL BELGRANO', 0),
(968, 'ZORRILLA DE SAN MARTIN', 0, 'ALTO PADILLA|', 'DOCTOR MANUEL BELGRANO', 0),
(969, 'ECHEVERRIA ESTEBAN', 408, 'GORRITI', 'DOCTOR MANUEL BELGRANO', 0),
(970, 'INTENDENTE ZAMAR', 0, 'TUPAC AMARU', 'SAN PEDRO', 0),
(971, 'RIVADAVIA', 587, 'CENTRO', 'TILCARA', 0),
(972, 'AV. FORESTAL', 0, 'ALTO COMEDERO', 'DOCTOR MANUEL BELGRANO', 0),
(973, 'MISIONES', 0, 'SAN ROQUE', 'LEDESMA', 0),
(974, '', 0, '', 'HUMAHUACA', 0),
(975, 'SAN RAMON', 602, 'SAN CAYETANO', 'SAN PEDRO', 0),
(976, 'SANTA FE', 100, 'CENTRO', 'HUMAHUACA', 0),
(977, 'AVENIDA FORESTAL', 0, 'ALTO COMEDERO', 'DOCTOR MANUEL BELGRANO', 0),
(978, 'A?ATUYA', 0, '12 DE OCTUBRE', 'SAN PEDRO', 0),
(979, 'GOYECHEA', 0, 'SAN MARTIN', 'DOCTOR MANUEL BELGRANO', 0),
(980, 'AVENIDA FORESTAL', 0, 'ALTO COMEDERO', 'DOCTOR MANUEL BELGRANO', 0),
(981, 'INDEPENDENCIA', 553, 'CENTRO', 'DOCTOR MANUEL BELGRANO', 0),
(982, 'AV. JUAN DOMINGO PERON', 238, 'CENTRO', 'COCHINOCA', 0),
(983, 'PJE. SIN NOMBRE', 0, '', 'DOCTOR MANUEL BELGRANO', 0),
(984, 'EL ALGARROBO ', 636, 'PROVIDENCIA', 'SAN PEDRO', 0),
(985, 'QUEBRADA DE HUMAHUCA', 0, '23 DE AGOSTO', 'SAN PEDRO', 0),
(986, 'AVDA. ROBERTO DOMINGUEZ', 0, 'CENTRO', 'SANTA BARBARA', 0),
(987, 'RUTA NAC N 9 ACCESO SUR KM 2 A', 0, '', 'COCHINOCA', 0),
(988, 'ALEM', 250, 'GORRITI', 'DOCTOR MANUEL BELGRANO', 0),
(989, 'CONSTITUCION', 391, 'CUYAYA', 'DOCTOR MANUEL BELGRANO', 0),
(990, 'DORREGO', 277, 'CENTRO', 'EL CARMEN', 0),
(991, 'REPUBLICA ARABE SIRIA', 250, 'CENTRO', 'YAVI', 0),
(992, 'AVENIDA FORESTAL ', 0, 'ALTO COMEDERO', 'DOCTOR MANUEL BELGRANO', 0),
(993, 'AV. 10 DE JUNIO', 350, 'ISLAS MALVINAS', 'DOCTOR MANUEL BELGRANO', 0),
(994, 'AV FORESTAL', 0, 'ALTO COMEDERO', 'DOCTOR MANUEL BELGRANO', 0),
(995, 'JUANA DE AZURDUY', 0, 'PATRICIAS ARGENTINAS', 'LEDESMA', 0),
(996, 'AV. 24 DE MAYO', 0, 'VIRGEN DEL VALLE', 'LEDESMA', 0),
(997, '', 0, '', 'DOCTOR MANUEL BELGRANO', 0),
(998, 'ALMIRANTE BROWN', 1860, 'SAN PEDRITO', 'DOCTOR MANUEL BELGRANO', 0),
(999, 'AVDA. BELGRANO', 0, '23 DE AGOSTO', 'PALPALA', 0),
(1000, 'GURRUCHAGA', 99, '', '', 0),
(1001, 'SANTO DOMINGO', 0, 'PUEBLO', '', 0),
(1002, 'AV. FORESTAL', 2144, 'ALTO COMEDERO', 'DOCTOR MANUEL BELGRANO', 0),
(1003, '', 0, '', 'DOCTOR MANUEL BELGRANO', 0),
(1004, 'TEODORO SANCHEZ DE BUSTAMANTE', 0, 'CENTRO', 'LEDESMA', 0),
(1005, '', 0, '', 'DOCTOR MANUEL BELGRANO', 0),
(1006, 'AVENIDA FORESTAL', 0, 'ALTO COMEDERO', 'DOCTOR MANUEL BELGRANO', 0),
(1007, 'AV. LIBERTAD', 0, 'CENTRO', 'LEDESMA', 0),
(1008, 'SAN MARTIN', 647, 'SAN IGNACIO', 'EL CARMEN', 0),
(1009, 'URUGUAY', 0, 'MARIANO MORENO', 'DOCTOR MANUEL BELGRANO', 0),
(1010, 'SAN MARTIN', 1272, 'CENTRO', 'DOCTOR MANUEL BELGRANO', 0),
(1011, 'AV ALMIRANTE BROWN', 570, 'ALTE BROWN', 'DOCTOR MANUEL BELGRANO', 0),
(1012, 'ARISTOBULO DEL VALLE', 316, 'CENTRO', 'SAN PEDRO', 0),
(1013, '', 0, 'PARAJE SEMIRURAL', 'COCHINOCA', 0),
(1014, 'JUANA MANUELA GORRITI', 560, 'GORRITI', 'DOCTOR MANUEL BELGRANO', 0),
(1015, 'AV. PUERTO ARGENTINO ', 705, 'MALVINAS ARGENTINAS', 'DOCTOR MANUEL BELGRANO', 0),
(1016, 'CORONEL ARIAS ', 202, 'GUEMES', 'SAN PEDRO', 0),
(1017, 'AV FORESTAL', 0, 'ALTO COMEDERO', 'DOCTOR MANUEL BELGRANO', 0),
(1018, '', 0, '', 'DOCTOR MANUEL BELGRANO', 0),
(1019, 'RUTA PROVINCIAL N 1 KILOMETRO ', 0, 'ARENALES', 'DOCTOR MANUEL BELGRANO', 0),
(1020, 'RUTA NACIONAL N 9 ESQUINA AVEN', 0, 'ALTO COMEDERO', 'DOCTOR MANUEL BELGRANO', 0),
(1021, 'GRAL. GUEMES', 26, 'CENTRO', 'EL CARMEN', 0),
(1022, 'TEODORO SANCHEZ DE BUSTAMANTE', 0, 'CENTRO', 'LEDESMA', 0),
(1023, 'CALLE 141    ', 0, 'ALTO COMEDERO', 'DOCTOR MANUEL BELGRANO', 0),
(1024, 'LOS ALISOS', 0, 'ALTO COMEDERO', 'DOCTOR MANUEL BELGRANO', 0),
(1025, 'LA FE', 1, '', 'HUMAHUACA', 0),
(1026, 'RIO PARANA', 356, 'SAN IGNACIO DE LOYOLA', 'PALPALA', 0),
(1027, 'LOS QUEBRACHALES', 837, 'CHIJRA', 'DOCTOR MANUEL BELGRANO', 0),
(1028, 'ALEM', 250, 'GORRITI', 'DOCTOR MANUEL BELGRANO', 0),
(1029, 'AV. HIPOLITO IRIGOYEN', 542, 'CAROLINA', 'PALPALA', 0),
(1030, 'A?ATUYA', 0, '12 DE OCTUBRE', 'SAN PEDRO', 0),
(1031, '', 0, '', 'DOCTOR MANUEL BELGRANO', 0),
(1032, 'SORPRESA', 0, '', 'TILCARA', 0),
(1033, '', 0, '', 'HUMAHUACA', 0);
INSERT INTO `domicilio` (`id_domicilio`, `calle`, `numero`, `barrio`, `departamento`, `codigo_postal`) VALUES
(1034, 'COCHABAMBA', 1260, 'SAN PEDRITO', 'DOCTOR MANUEL BELGRANO', 0),
(1035, 'CAIDOS POR LA PATRIA', 0, 'CENTRO', 'DOCTOR MANUEL BELGRANO', 0),
(1036, 'LEANDRO N. ALEM', 250, 'GORRITI', 'DOCTOR MANUEL BELGRANO', 0),
(1037, 'AVENIDA FORESTAL', 0, 'ALTO COMEDERO', 'DOCTOR MANUEL BELGRANO', 0),
(1038, '', 0, '', 'DOCTOR MANUEL BELGRANO', 0),
(1039, '', 0, '', 'LEDESMA', 0),
(1040, 'ESCOLASTICO ZEGADA', 1316, 'CUYAYA', 'DOCTOR MANUEL BELGRANO', 0),
(1041, 'AV GENERAL JOSE DE SAN MARTIN', 440, 'BELGRANO', 'PALPALA', 0),
(1042, 'CASTULO APARICIO', 549, '', 'HUMAHUACA', 0),
(1043, 'AV. SNOPEK', 0, 'ALTO COMERDERO - B2', 'DOCTOR MANUEL BELGRANO', 0),
(1044, '', 0, '', 'SAN PEDRO', 0),
(1045, 'BARTOLOME MITRE ', 0, 'CENTRO', 'LEDESMA', 0),
(1046, 'BELGRANO', 0, 'CENTRO', 'TILCARA', 0),
(1047, 'BELGRANO', 0, '', 'LEDESMA', 0),
(1048, 'RUTA NACIONAL N 34 KM 1191', 0, '', '', 0),
(1049, 'ALVEAR', 1063, 'CENTRO', 'DOCTOR MANUEL BELGRANO', 0),
(1050, 'JUANA AZURDUY', 0, 'SAN SALVADOR', 'YAVI', 0),
(1051, '', 0, 'LA BAJADA', 'LEDESMA', 0),
(1052, 'JUJUY', 184, 'CENTRO', 'LEDESMA', 0),
(1053, 'MISIONES', 0, 'SAN FRANCISCO', 'LEDESMA', 0),
(1054, 'AV. TTE. FARIAS', 0, 'ALTO COMEDERO', 'DOCTOR MANUEL BELGRANO', 0),
(1055, 'RUTA NACIONAL N 34  ', 0, 'HERMINIO ARRIETA', 'LEDESMA', 0),
(1056, 'AV. ESPA?A NORTE', 673, 'CENTRO', 'YAVI', 0),
(1057, 'SAN MARTIN', 765, 'CENTRO', 'DOCTOR MANUEL BELGRANO', 0),
(1058, 'SAN MARTIN', 1070, 'CENTRO', 'DOCTOR MANUEL BELGRANO', 0),
(1059, 'AV. EL EXODO', 114, 'LUJAN', 'DOCTOR MANUEL BELGRANO', 0),
(1060, 'LAS HERAS', 884, '1 DE MARZO', 'DOCTOR MANUEL BELGRANO', 0),
(1061, '20 DE JUNIO', 110, 'SANTA ROSA', 'EL CARMEN', 0),
(1062, 'AV. INGENIERO CARLOS SNOPEK', 1579, 'ALTO COMEDERO', 'DOCTOR MANUEL BELGRANO', 0),
(1063, 'AZUL', 0, 'SAN CAYETANO', 'PALPALA', 0),
(1064, 'CHACO', 0, 'BELGRANO', 'SAN PEDRO', 0),
(1065, '9 DE JULIO', 147, 'CENTRO', 'SAN PEDRO', 0),
(1066, 'RAMIREZ DE VELAZCO', 525, 'CENTRO', 'DOCTOR MANUEL BELGRANO', 0),
(1067, 'EL SALVADOR', 520, 'MARIANO MORENO', 'DOCTOR MANUEL BELGRANO', 0),
(1068, 'AV. LIBERTAD', 0, 'BELGRANO', 'LEDESMA', 0),
(1069, 'SAN MARTIN', 765, 'CENTRO', 'DOCTOR MANUEL BELGRANO', 0),
(1070, 'MNA AP27 LOTE 6 47 HECT', 0, 'ALTO COMEDERO', 'DOCTOR MANUEL BELGRANO', 0),
(1071, 'LAS HERAS', 884, '1 DE MARZO', 'DOCTOR MANUEL BELGRANO', 0),
(1075, 'Pje palaver', 646, '370 viv 2da etapa - alto comed', 'San Salvador de Jujuy', 0),
(1076, 'Pasaje 174', 33, '84 Viviendas. Alto Comedero', 'San Salvador de Jujuy', 0),
(1077, 'Olacapato', 1774, 'Sector B6  Alto Comedero', 'San Salvador de Jujuy', 0),
(1078, 'Cabo 1ro Brasich', 532, 'Alto Comedero', 'San Salvador de Jujuy', 0),
(1079, 'Ap.4 Lote 20 10 Etapa Tupac Am', 0, 'Alto Comedero', 'San Salvador de Jujuy', 0),
(1080, 'Carahuasi Mza. 311 Lote 13 Sec', 0, 'Alto Comedero', 'San Salvador de Jujuy', 0),
(1081, 'El Pongo Sector B4 Mza 2 Lote ', 1627, 'Alto Comedero', 'San Salvador de Jujuy', 0),
(1082, 'Orellana', 1932, 'El Balcon - Alto Comedero', 'San Salvador de Jujuy', 0),
(1083, 'Sector B4 Mza pa 2 Lote 8', 0, 'Alto Comedero', 'San Salvador de Jujuy', 0),
(1084, 'Av. Belgrano', 432, 'Bella Vista', 'Abra Pampa', 0),
(1085, 'Mar?a Urzagasti', 13, '31 de Agosto', 'Abra Pampa', 0),
(1086, 'Avda. Eva Per?n', 255, ' Siberia Argentina', 'Abra Pampa', 0),
(1087, 'Santa Catalina', 388, ' Exodo Juje?o', 'Abra Pampa', 0),
(1088, 'Maria Magdalena Urzagasti', 12, '31 de Agosto', 'Abra Pampa', 0),
(1089, 'Formosa', 49, ' Provincia Argentina', 'Abra Pampa', 0),
(1090, 'Manuel Alberti', 123, '23 de Agosto', 'Abra Pampa', 0),
(1091, 'Ricardo Rojas', 45, '23 de Agosto', 'Abra Pampa', 0),
(1092, 'San Luis Mza 60 Lote 6', 0, 'Alborada', 'Caimancito', 0),
(1093, 'Mza 23 Lote 3', 0, 'Virgen de Guadalupe', 'Calilegua', 0),
(1094, 'Coronel Arenas', 986, '', 'El Carmen', 0),
(1095, 'Av. Juan Manuel de Rosas', 0, '', 'El Carmen', 0),
(1096, 'Av- Juan Manuel de Rosas', 86, 'Maria', 'El Carmen', 0),
(1097, 'Dorrego', 344, 'Centro', 'El Carmen', 0),
(1098, 'Juan Manuel de Rosas', 471, 'Maria', 'El Carmen', 0),
(1099, 'Av. San Mart?n', 117, 'Sagrada Familia', 'Humahuaca', 0),
(1100, 'Libertad', 0, 'Medalla Milagrosa', 'Humahuaca', 0),
(1101, 'Felicidad', 0, 'Santa Ana', 'Valle Grande', 0),
(1102, 'Cangrejos', 351, '23 de Agosto', 'Humahuaca', 0),
(1103, 'Dr. Mikelsen', 1, 'Municipal La Esperanza', '', 0),
(1104, 'Mar?a Urzagasti', 13, '31 de Agosto', 'Abra Pampa', 0),
(1105, 'Hipolito Irigoyen', 359, '', 'La Quiaca', 0),
(1106, 'Carlos Gardel', 585, ' 1ro de Agosto', 'La Quiaca', 0),
(1107, 'Av, Paraguay', 668, '', 'La Quiaca', 0),
(1108, 'Purmamarca', 138, 'Sto. Tom?s de Aquino', 'Libertador General San Mart?n', 0),
(1109, 'Mza. 368 Lote 14', 0, '23 de Agosto', 'Libertador Gral. San Martin', 0),
(1110, 'Av. Juan XXIII', 2691, '9 de Julio', 'Libertador General San Mart?n', 0),
(1111, 'Castro Barros', 2575, '9 de Julio', 'Libertador General San Mart?n', 0),
(1112, 'Manzana 229', 0, 'San Francisco', 'Libertador General San Mart?n', 0),
(1113, 'Av. Keyner', 548, 'Ledesma', 'Libertador General San Martin', 0),
(1114, 'Colombia', 78, 'Arrieta', 'Libertador General San Martin', 0),
(1115, 'Castro Barros', 2575, '9 de Julio', 'Libertador General San Mart?n', 0),
(1116, 'Alfonsina Storni Mza 118 Lote ', 2777, '9 de Julio', 'Libertador General San Martin', 0),
(1117, 'Avenida Eva Peron Mza 15 Lote ', 0, 'Lozano', '', 0),
(1118, 'Av. Espa?a', 411, 'San Jose', 'Monterrico', 0),
(1119, 'Mza 4 Lote 3', 0, '31 de Julio', 'Monterrico', 0),
(1120, 'Italia', 442, 'Cornejo', 'Monterrico', 0),
(1121, 'Av. Eva Per?n', 0, '', 'Palma Sola', 0),
(1122, 'Mina Concar?n', 1084, 'Santa B?rbara', 'Palpal?', 0),
(1123, 'Pje. Jose Maria Paz', 43, '25 de Mayo', 'Palpal?', 0),
(1124, 'Alberdi', 874, '23 de Agosto', 'Palpal?', 0),
(1125, 'Av. Belgrano', 895, '23 de Agosto', 'Palpal?', 0),
(1126, 'Lavalle', 240, ' Gral Savio', 'Palpal?', 0),
(1127, 'Mina Incahuasi', 1043, 'Santa B?rbara', 'Palpal?', 0),
(1128, 'Inca', 369, 'San Mart?n', 'Palpal?', 0),
(1129, 'Los Treboles', 182, 'Alto Palpala', 'Palpal?', 0),
(1130, 'Bustamante', 1000, 'San Marcos', 'Perico', 0),
(1131, 'San Francisco de Asis Mza 563 ', 0, 'Virgen del Valle', 'Perico', 0),
(1132, 'Cerro Labrado', 1115, ' San Francisco de Alaba', 'San Salvador de Jujuy', 0),
(1133, 'Uruguay', 300, 'La Paz', 'Perico', 0),
(1134, 'Juan Darienzo', 435, '80 Viviendas UOCRA', 'Perico', 0),
(1135, 'Ruta 9 Km. 14', 0, 'Lagunas del Ceibal', 'San Antonio', 0),
(1136, 'Av. Siria s/n, Block H, dpto. ', 0, 'Salvador Mazza', 'San Pedro de Jujuy', 0),
(1137, 'Av. Siria S/N Block N2 Dpto. 4', 0, 'Roberto Sancho', 'San Pedro', 0),
(1138, '9 de Julio', 12, 'La Esperanza', 'San Pedro', 0),
(1139, 'Los Constituyentes', 321, 'La Merced', 'San Pedro', 0),
(1140, 'Nicaragua', 378, 'Santa Rosa', 'San Pedro', 0),
(1141, 'Sallent y Corbacho', 682, 'Horacio Guzm?n', 'San Pedro', 0),
(1142, 'Tomas Corbacho', 203, 'Snopek', 'San Pedro', 0),
(1143, 'Finca Saravia', 0, 'El Acheral', 'San Pedro', 0),
(1144, 'Pje Lapachos', 735, 'Providencia', 'San Pedro', 0),
(1145, 'Combate San Pedro Lote 75', 0, 'Santa Ana', 'San Pedro', 0),
(1146, 'Margen Derecha', 134, 'Chijra', 'San Salvador de Jujuy', 0),
(1147, 'Monroy Oeste', 47, 'San Pedrito', 'San Salvador de Jujuy', 0),
(1148, 'Juan Pablo II', 789, 'Malvinas', 'San Salvador de Jujuy', 0),
(1149, 'La Tijereta', 480, 'Los Perales', 'San Salvador de Jujuy', 0),
(1150, 'Colombia', 1234, 'Mariano Moreno', 'San Salvador de Jujuy', 0),
(1151, 'Mza. 5 Lote 12 Loteo 13 de Jul', 0, ' Malvinas', 'San Salvador de Jujuy', 0),
(1152, 'Tiraxi', 1387, 'San Pedrito', 'San Salvador de Jujuy', 0),
(1153, 'Santiago del Estero', 41, 'Cuyaya', 'San Salvador de Jujuy', 0),
(1154, 'Rocha Solorzano', 1147, 'Cnel Arias', 'San Salvador de Jujuy', 0),
(1155, 'Diez Gomez', 3331, ' Malvinas', 'San Salvador de Jujuy', 0),
(1156, 'Colombia', 650, 'Mariano Moreno', 'San Salvador de Jujuy', 0),
(1157, 'El Duraznero', 37, 'Los Perales', 'San Salvador de Jujuy', 0),
(1158, 'Uriondo', 471, 'Gorriti', 'San Salvador de Jujuy', 0),
(1159, 'Pje. R?o Yacoraite', 1318, 'Mariano Moreno', 'San Salvador de Jujuy', 0),
(1160, 'Mro. Omar Chaile', 3412, 'Malvinas', 'San Salvador de Jujuy', 0),
(1161, 'Coronel D?vila', 276, 'Ciudad de Nieva', 'San Salvador de Jujuy', 0),
(1162, 'Ejercito del Norte', 980, 'Mariano Moreno', 'San Salvador de Jujuy', 0),
(1163, 'Los Pinos', 615, 'Chijra', 'San Salvador de Jujuy', 0),
(1164, 'Mirabal', 1301, 'Cnel Arias', 'San Salvador de Jujuy', 0),
(1165, 'Peatonal 39 2do piso A 820 viv', 544, 'Islas Malvinas', 'San Salvador de Jujuy', 0),
(1166, 'Tiraxi', 1279, 'Alte Brown', 'San salvador de jujuy', 0),
(1167, 'Santa Rosa', 29, 'Cnel. Arias', 'San Salvador de Jujuy', 0),
(1168, 'Humahuaca', 295, 'Lujan', 'San Salvador de Jujuy', 0),
(1169, 'Rodeo', 1445, 'San Jose', 'Palpala', 0),
(1170, 'Av. 1ro de Mayo', 463, 'Belgrano', 'San Salvador de Jujuy', 0),
(1171, 'Esperanza Iba?ez de Yecora', 1325, 'Mariano Moreno', 'San Salvador de Jujuy', 0),
(1172, 'Luis Burela Oeste', 81, 'San Pedrito', 'San Salvador de Jujuy', 0),
(1173, 'Alhel', 630, 'Chijra', 'San Salvador de Jujuy', 0),
(1174, '20 de Febrero', 1255, 'San Cayetano', 'San Salvador de Jujuy', 0),
(1175, 'Peatonal 39', 535, 'Malvinas', 'San Salvador de Jujuy', 0),
(1176, 'Zegada', 531, 'San Pedrito', 'San Salvador de Jujuy', 0),
(1177, 'Maiz Gordo', 824, 'San Francisco de Alava', 'San Salvador de Jujuy', 0),
(1178, 'Av. Las Vicu?as 3ro F', 587, 'Chijra', 'San Salvador de Jujuy', 0),
(1179, 'Av. Costanera Mza 27 Casa 12', 0, 'Campo Verde', 'San Salvador de Jujuy', 0),
(1180, 'Pje. N 195 Casa N 2', 0, 'San Pedrito', 'San Salvador de Jujuy', 0),
(1181, 'Pje. Luis Wayar', 546, 'Bajo La Vi?a Prensa', 'San Salvador de Jujuy', 0),
(1182, 'Av, Corrientes', 2765, 'San Pedrito', 'San Salvador de Jujuy', 0),
(1183, 'Calle 346', 1679, 'Sgto. Cabral', 'San Salvador de Jujuy', 0),
(1184, 'Avda. Fascio', 834, 'Centro', 'San Salvador de Jujuy', 0),
(1185, 'San Luis', 32, '', 'Susques', 0),
(1186, 'Perseverancia', 386, 'Chijra', 'San Salvador de Jujuy', 0),
(1187, 'Alvero', 364, '', 'Tilcara', 0),
(1188, 'Bolivar', 0, '', 'Tilcara', 0),
(1189, 'Bayo', 880, 'San Francisco de Alava', 'Tilcara', 0),
(1190, 'Mariano Moreno', 0, 'Chacarita', 'Yuto', 0),
(1192, 'Almirante Brown', 865, 'Almirante Brown', 'Gral Manuel Belgrano', 4600);

-- --------------------------------------------------------

--
-- Estructura de tabla para la tabla `entidad`
--

CREATE TABLE `entidad` (
  `id_entidad` int(10) NOT NULL,
  `descripcion` varchar(50) NOT NULL
) ENGINE=InnoDB DEFAULT CHARSET=utf8mb4;

--
-- Volcado de datos para la tabla `entidad`
--

INSERT INTO `entidad` (`id_entidad`, `descripcion`) VALUES
(1, 'RTE'),
(2, 'Eduplan');

-- --------------------------------------------------------

--
-- Estructura de tabla para la tabla `escuela`
--

CREATE TABLE `escuela` (
  `id_escuela` int(10) NOT NULL,
  `cue` varchar(15) NOT NULL,
  `nombre` varchar(140) NOT NULL,
  `telefono` varchar(30) DEFAULT NULL,
  `email` varchar(40) DEFAULT NULL,
  `id_domicilio` int(10) NOT NULL,
  `id_region` int(10) DEFAULT NULL,
  `id_nivel` int(10) DEFAULT NULL,
  `id_sector` int(10) DEFAULT NULL,
  `id_ambito` int(10) DEFAULT NULL,
  `id_persona` int(10) DEFAULT NULL
) ENGINE=InnoDB DEFAULT CHARSET=utf8mb4;

--
-- Volcado de datos para la tabla `escuela`
--

INSERT INTO `escuela` (`id_escuela`, `cue`, `nombre`, `telefono`, `email`, `id_domicilio`, `id_region`, `id_nivel`, `id_sector`, `id_ambito`, `id_persona`) VALUES
(80, '380023101', 'ESCUELA PRIMARIA N 66 MARTIN MIGUEL DE GUEMES', '', '', 80, 5, 1, 1, 1, NULL),
(81, '380043101', 'ESCUELA N 77 BERNARDINO RIVADAVIA ANEXO EDUC.ESPECIAL', '', '', 81, 2, 1, 1, 1, NULL),
(82, '380019400', 'ESCUELA ESPECIAL N 11 PROF LUIS BRAILLE', '', '', 82, 3, 1, 1, 1, NULL),
(83, '380000700', 'ESCUELA ESPECIAL N 7 INSTITUTO HELLEN KELLER', '', '', 83, 3, 1, 1, 1, NULL),
(84, '380081800', 'A.S.P.E.R. ASOCIACION PARA LA ESTIMULACION Y REHABILITACION', '', '', 84, 4, 1, 2, 1, NULL),
(85, '380089500', 'ESCUELA DE EDUCACION ESPECIAL N 13', '', '', 85, 4, 1, 1, 1, NULL),
(86, '380056600', 'ASOCIACION CAMINEMOS JUNTOS', '', '', 86, 4, 1, 2, 1, NULL),
(87, '380056901', 'SENTIR II CENTRO EDUCATIVO TERAPEUTICO', '', '', 87, 3, 1, 2, 1, NULL),
(88, '380092600', 'ESCUELA DE EDUCACION ESPECIAL N 14', '', '', 88, 1, 1, 1, 1, NULL),
(89, '380056902', 'SENTIR III CENTRO EDUCATIVO TERAPEUTICO', '', '', 89, 3, 1, 2, 2, NULL),
(90, '380002300', 'ESCUELA ESPECIAL N 1 DR. OSCAR ORIAS', '', '', 90, 3, 1, 1, 1, NULL),
(91, '380066900', 'INSTITUTO DE REHABILITACION DRA. NORMA BEATRIZ ISSA', '', '', 91, 3, 1, 2, 1, NULL),
(92, '380056900', 'SENTIR I CENTRO EDUCATIVO TERAPEUTICO', '', '', 92, 3, 1, 2, 1, NULL),
(93, '380100500', 'INSTITUTO SENTIR IV', '', '', 93, 3, 1, 2, 1, NULL),
(94, '380065400', 'INSTITUTO DE REHABILITACION APPACE CENTRO DE DIA', '', '', 94, 3, 1, 2, 1, NULL),
(95, '380045700', 'ESCUELA ESPECIAL N 5', '', '', 95, 4, 1, 1, 1, NULL),
(96, '380046200', 'ESCUELA ESPECIAL N 9 NUESTRA SE?ORA DEL CARMEN', '', '', 96, 3, 1, 1, 1, NULL),
(97, '380016700', 'ESCUELA ESPECIAL N 2 JUAN PABLO II', '', '', 97, 3, 1, 1, 1, NULL),
(98, '380082100', 'CENTRO EDUCATIVO TERAPEUTICO IDEA', '', '', 98, 3, 1, 2, 1, NULL),
(99, '380006000', 'ASOCIACION TODOS JUNTOS', '', '', 99, 3, 1, 2, 1, NULL),
(100, '380038100', 'ESCUELA ESPECIAL N 8 GUILLERMO SALIM QUINTAR', '', '', 100, 3, 1, 1, 1, NULL),
(101, '380054000', 'ESCUELA ESPECIAL N 10', '', '', 101, 5, 1, 1, 1, NULL),
(102, '380019500', 'ESCUELA ESPECIAL N 4 DR TEOVALDO BURGOS', '', '', 102, 3, 1, 1, 1, NULL),
(103, '380097401', 'J.I.N. 1', '', '', 103, 1, 2, 1, 1, NULL),
(104, '380087302', 'J.I.N. 9 ', '', '', 104, 4, 2, 1, 1, NULL),
(105, '380087401', 'J.I.N. 7 ', '', '', 105, 5, 2, 1, 1, NULL),
(106, '380088101', 'J.I.N. 16  ', '', '', 106, 3, 2, 1, 1, NULL),
(107, '380099001', 'J.I.N. 38', '', '', 107, 4, 2, 1, 1, NULL),
(108, '380087502', 'J.I.N. 10 ', '', '', 108, 5, 2, 1, 1, NULL),
(109, '380095200', 'JARDIN DE INFANTES SANTA TERESITA', '', '', 109, 4, 2, 2, 1, NULL),
(110, '380087700', 'J.I.N. 12  ', '', '', 110, 1, 2, 1, 1, NULL),
(111, '380088602', 'J.I.N. 21  ', '', '', 111, 3, 2, 1, 1, NULL),
(112, '380088601', 'J.I.N. 21 ', '', '', 112, 3, 2, 1, 1, NULL),
(113, '380100700', 'JARDIN DE INFANTES BURBUJITA', '', '', 113, 3, 2, 2, 1, NULL),
(114, '380097501', 'JARDIN INDEPENDIENTE N 9', '', '', 114, 4, 2, 1, 1, NULL),
(115, '380073300', 'JARDIN INDEPENDIENTE LA VIRGEN NI?A', '', '', 115, 3, 2, 1, 1, NULL),
(116, '380099002', 'J.I.N. 38', '', '', 116, 4, 2, 1, 1, NULL),
(117, '380090701', 'J.I.N. 30', '', '', 117, 3, 2, 1, 1, NULL),
(118, '380087402', 'J.I.N. 7 ', '', '', 118, 5, 2, 1, 1, NULL),
(119, '380087501', 'J.I.N. 10 ', '', '', 119, 5, 2, 1, 1, NULL),
(120, '380090900', 'J.I.N. 32 ', '', '', 120, 4, 2, 1, 1, NULL),
(121, '380088801', 'J.I.N. 23 ', '', '', 121, 3, 2, 1, 1, NULL),
(122, '380087301', 'J.I.N. 9  ', '', '', 122, 4, 2, 1, 1, NULL),
(123, '380090601', 'J.I.N. 29 ', '', '', 123, 3, 2, 1, 1, NULL),
(124, '380089101', 'J.I.N. 26 ', '', '', 124, 4, 2, 1, 1, NULL),
(125, '380089000', 'J.I.N. 25 ', '', '', 125, 4, 2, 1, 1, NULL),
(126, '380088600', 'J.I.N. 21 ', '', '', 126, 3, 2, 1, 1, NULL),
(127, '380091200', 'J.I.N. 35', '', '', 127, 5, 2, 1, 1, NULL),
(128, '380088100', 'J.I.N. 16  ', '', '', 128, 3, 2, 1, 1, NULL),
(129, '380098101', 'J.I.N. 36', '', '', 129, 5, 2, 1, 1, NULL),
(130, '380087600', 'JARDIN INDEPENDIENTE NUCLEADO N 11', '', '', 130, 1, 2, 1, 1, NULL),
(131, '380087900', 'J.I.N. 14 ', '', '', 131, 3, 2, 1, 1, NULL),
(132, '380088700', 'J.I.N. 22 ', '', '', 132, 3, 2, 1, 1, NULL),
(133, '380088701', 'J.I.N. 22 ', '', '', 133, 3, 2, 1, 1, NULL),
(134, '380072300', 'CENTRO DE DESARROLLO INFANTIL SAN ROQUE', '', '', 134, 3, 2, 1, 1, NULL),
(135, '380088000', 'J.I.N. 15  ', '', '', 135, 3, 2, 1, 1, NULL),
(136, '380091001', 'J.I.N. 33 ', '', '', 136, 4, 2, 1, 1, NULL),
(137, '380101100', 'JARDIN MATERNAL SAN PIO X', '', '', 137, 3, 2, 2, 1, NULL),
(138, '380087801', 'J.I.N. 13 ', '', '', 138, 2, 2, 1, 1, NULL),
(139, '380102800', 'JARDIN INDEPENDIENTE N 24', '', '', 139, 5, 2, 1, 3, NULL),
(140, '380088900', 'J.I.N. 24  ', '', '', 140, 3, 2, 1, 1, NULL),
(141, '380088501', 'J.I.N. 20 ', '', '', 141, 3, 2, 1, 1, NULL),
(142, '380098600', 'JARDIN INDEPENDIENTE N 12', '', '', 142, 3, 2, 1, 1, NULL),
(143, '380091201', 'J.I.N. 35 ', '', '', 143, 5, 2, 1, 1, NULL),
(144, '380089102', 'J.I.N. 26  ', '', '', 144, 4, 2, 1, 1, NULL),
(145, '380091100', 'J.I.N. 34 ', '', '', 145, 5, 2, 1, 1, NULL),
(146, '380094000', 'JARDIN INDEPENDIENTE N 7', '', '', 146, 3, 2, 1, 1, NULL),
(147, '380088001', 'J.I.N. 15  ', '', '', 147, 3, 2, 1, 1, NULL),
(148, '380102200', 'JARDIN INDEPENDIENTE N 18 ', '', '', 148, 5, 2, 1, 1, NULL),
(149, '380099000', 'J.I.N. 38', '', '', 149, 4, 2, 1, 1, NULL),
(150, '380090801', 'J.I.N. 31 ', '', '', 150, 3, 2, 1, 1, NULL),
(151, '380089100', 'J.I.N. 26 ', '', '', 151, 4, 2, 1, 1, NULL),
(152, '380090700', 'J.I.N. 30 ', '', '', 152, 3, 2, 1, 1, NULL),
(153, '380086800', 'J.I.N. 2 ', '', '', 153, 2, 2, 1, 1, NULL),
(154, '380090901', 'J.I.N. 32 ', '', '', 154, 4, 2, 1, 1, NULL),
(155, '380090600', 'J.I.N. 29 ', '', '', 155, 3, 2, 1, 1, NULL),
(156, '380086901', 'J.I.N. 3 ', '', '', 156, 3, 2, 1, 1, NULL),
(157, '380090400', 'J.I.N. 28 ', '', '', 157, 3, 2, 1, 1, NULL),
(158, '380099400', 'J.I.N. 37', '', '', 158, 3, 2, 1, 1, NULL),
(159, '380086701', 'J.I.N. 8 ', '', '', 159, 1, 2, 1, 1, NULL),
(160, '380086100', 'JARDIN INDEPENDIENTE N 5', '', '', 160, 3, 2, 1, 1, NULL),
(161, '380087300', 'J.I.N. 9 ', '', '', 161, 4, 2, 1, 1, NULL),
(162, '380088901', 'J.I.N. 24 ', '', '', 162, 3, 2, 1, 1, NULL),
(163, '380089001', 'J.I.N. 25 ', '', '', 163, 4, 2, 1, 1, NULL),
(164, '380079901', 'ESCUELA BLAISE PASCAL', '', '', 164, 3, 2, 2, 1, NULL),
(165, '380086700', 'J.I.N. 8  ', '', '', 165, 1, 2, 1, 1, NULL),
(166, '380099401', 'J.I.N. 37', '', '', 166, 3, 2, 1, 1, NULL),
(167, '380087602', 'JARDIN INDEPENDIENTE NUCLEADO N 11', '', '', 167, 1, 2, 1, 1, NULL),
(168, '380087701', 'J.I.N. 12  ', '', '', 168, 1, 2, 1, 1, NULL),
(169, '380088400', 'J.I.N. 19 ', '', '', 169, 3, 2, 1, 1, NULL),
(170, '380089201', 'J.I.N. 27 ', '', '', 170, 5, 2, 1, 1, NULL),
(171, '380100100', 'JARDIN INDEPENDIENTE PBRO. FRANCISCO CONTAMIN', '', '', 171, 4, 2, 2, 1, NULL),
(172, '380071100', 'JARDIN DE INFANTES JUAN XXIII', '', '', 172, 3, 2, 1, 1, NULL),
(173, '380087601', 'JARDIN INDEPENDIENTE NUCLEADO N 11', '', '', 173, 1, 2, 1, 1, NULL),
(174, '380088301', 'J.I.N. 18  ', '', '', 174, 3, 2, 1, 1, NULL),
(175, '380102500', 'JARDIN INDEPENDIENTE N 21', '', '', 175, 3, 2, 1, 1, NULL),
(176, '380088300', 'J.I.N. 18 ', '', '', 176, 3, 2, 1, 1, NULL),
(177, '380098100', 'J.I.N. 36', '', '', 177, 5, 2, 1, 1, NULL),
(178, '380086000', 'JARDIN INDEPENDIENTE N 4', '', '', 178, 3, 2, 1, 1, NULL),
(179, '380090401', 'J.I.N. 28 ', '', '', 179, 3, 2, 1, 1, NULL),
(180, '380088800', 'J.I.N. 23 ESC. SEDE N 207 GRAL DE BGD. ARMANDO P.P. MARTIJENA', '', '', 180, 3, 2, 1, 1, NULL),
(181, '380087500', 'J.I.N. 10 ', '', '', 181, 5, 2, 1, 1, NULL),
(182, '380102300', 'JARDIN INDEPENDIENTE N 19', '', '', 182, 3, 2, 1, 1, NULL),
(183, '380087901', 'J.I.N. 14  ', '', '', 183, 3, 2, 1, 1, NULL),
(184, '380087101', 'J.I.N. 5 ', '', '', 184, 3, 2, 1, 1, NULL),
(185, '380087001', 'J.I.N. 4  ', '', '', 185, 3, 2, 1, 1, NULL),
(186, '380102100', 'JARDIN INDEPENDIENTE N 17', '', '', 186, 3, 2, 1, 1, NULL),
(187, '380088200', 'J.I.N. 17  ', '', '', 187, 3, 2, 1, 1, NULL),
(188, '380087201', 'J.I.N. 6  ', '', '', 188, 4, 2, 1, 1, NULL),
(189, '380087800', 'J.I.N. 13 ', '', '', 189, 2, 2, 1, 1, NULL),
(190, '380103100', 'JARDIN INDEPENDIENTE N 22', '', '', 190, 3, 2, 1, 1, NULL),
(191, '380088201', 'J.I.N. 17 ', '', '', 191, 3, 2, 1, 1, NULL),
(192, '380085900', 'JARDIN INDEPENDIENTE N 3', '', '', 192, 3, 2, 1, 1, NULL),
(193, '380091101', 'J.I.N. 34 ', '', '', 193, 5, 2, 1, 1, NULL),
(194, '380087400', 'J.I.N. 7 ', '', '', 194, 5, 2, 1, 1, NULL),
(195, '380088401', 'J.I.N. 19 ', '', '', 195, 3, 2, 1, 1, NULL),
(196, '380099600', 'JARDIN INDEPENDIENTE N 15', '', '', 196, 2, 2, 1, 1, NULL),
(197, '380086801', 'J.I.N. 2 ', '', '', 197, 2, 2, 1, 1, NULL),
(198, '380089200', 'J.I.N. 27 ', '', '', 198, 5, 2, 1, 1, NULL),
(199, '380096200', 'JARDIN INDEPENDIENTE N 8', '', '', 199, 3, 2, 1, 1, NULL),
(200, '380102900', 'JARDIN DE INFANTES NUCLEADOS N 42', '', '', 200, 3, 2, 1, 1, NULL),
(201, '380098000', 'JARDIN INDEPENDIENTE N 10', '', '', 201, 5, 2, 1, 1, NULL),
(202, '380091300', 'JARDIN INDEPENDIENTE N 6', '', '', 202, 3, 2, 1, 1, NULL),
(203, '380103000', 'JARDIN INDEPENDIENTE N 26', '', '', 203, 5, 2, 1, 1, NULL),
(204, '380098200', 'JARDIN INDEPENDIENTE N 11', '', '', 204, 5, 2, 1, 1, NULL),
(205, '380091000', 'J.I.N. 33', '', '', 205, 4, 2, 1, 1, NULL),
(206, '380100400', 'JARDIN DE INFANTES NUCLEADO N 39', '', '', 206, 4, 2, 1, 3, NULL),
(207, '380090800', 'J.I.N. 31 ', '', '', 207, 3, 2, 1, 1, NULL),
(208, '380085800', 'JARDIN INDEPENDIENTE N 2 - ESCUELA 147', '', '', 208, 3, 2, 1, 1, NULL),
(209, '380086900', 'J.I.N. 3 ', '', '', 209, 3, 2, 1, 1, NULL),
(210, '380088500', 'J.I.N. 20 ', '', '', 210, 3, 2, 1, 1, NULL),
(211, '380102400', 'JARDIN INDEPENDIENTE N 20', '', '', 211, 3, 2, 1, 1, NULL),
(212, '380087000', 'J.I.N. 4 ', '', '', 212, 3, 2, 1, 1, NULL),
(213, '380097400', 'J.I.N. 1 ', '', '', 213, 1, 2, 1, 1, NULL),
(214, '380101900', 'JARDIN DE INFANTES NUCLEADOS N 41', '', '', 214, 3, 2, 1, 1, NULL),
(215, '380102000', 'JARDIN INDEPENDIENTE N 25', '', '', 215, 3, 2, 1, 1, NULL),
(216, '380085700', 'JARDIN INDEPENDIENTE N 1 - ESCUELA 261', '', '', 216, 5, 2, 1, 1, NULL),
(217, '380097500', 'JARDIN INDEPENDIENTE N 9', '', '', 217, 3, 2, 1, 1, NULL),
(218, '380087100', 'J.I.N. 5 ', '', '', 218, 3, 2, 1, 1, NULL),
(219, '380087200', 'J.I.N. 6  ', '', '', 219, 4, 2, 1, 1, NULL),
(220, '380099500', 'JARDIN INDEPENDIENTE N 13', '', '', 220, 3, 2, 1, 1, NULL),
(221, '380101200', 'JARDIN DE INFANTES NUCLEADOS N 40', '', '', 221, 3, 2, 1, 1, NULL),
(222, '380074100', 'ESCUELA NORMAL SUPERIOR JUAN IGNACIO GORRITI', '', '', 222, 3, 2, 1, 1, NULL),
(223, '380041700', 'JARDIN DE INFANTES INTEGRAL N 1 NIÑO JESUS', '', '', 223, 5, 2, 1, 1, NULL),
(224, '380093601', 'COLEGIO NUEVO HORIZONTE N 1', '', '', 224, 3, 2, 3, 1, NULL),
(225, '380026000', 'ESCUELA N 154', '', '', 225, 1, 3, 1, 4, NULL),
(226, '380026300', 'ESCUELA N 372 JUSTO EUSTAQUIO MAMANI', '', '', 226, 1, 3, 1, 4, NULL),
(227, '380011600', 'ESCUELA N 329 FUNDACION SCHOLNIK', '', '', 227, 3, 3, 1, 4, NULL),
(228, '380011700', 'ESCUELA PRIMARIA N 262 LUIS ALBERTO ALVAREZ', '', '', 228, 3, 3, 1, 4, NULL),
(229, '380025900', 'ESCUELA N 278', '', '', 229, 1, 3, 1, 4, NULL),
(230, '380039300', 'ESCUELA N 305 EJERCITO ARGENTINO', '', '', 230, 2, 3, 1, 4, NULL),
(231, '380033800', 'ESCUELA N 352', '', '', 231, 2, 3, 1, 4, NULL),
(232, '380025400', 'ESCUELA N 93', '', '', 232, 3, 3, 1, 4, NULL),
(233, '380032700', 'ESCUELA N 348', '', '', 233, 1, 3, 1, 4, NULL),
(234, '380020400', 'ESCUELA N 233 MAESTRO JOSE AMANCIO APARICIO', '', '', 234, 5, 3, 1, 4, NULL),
(235, '380037800', 'ESCUELA N 133 PTE. JUAN DOMINGO PERON', '', '', 235, 2, 3, 1, 4, NULL),
(236, '380048200', 'ESCUELA N 116 COMANDANTE JUAN FRANCISCO PASTOR', '', '', 236, 2, 3, 1, 4, NULL),
(237, '380052600', 'ESCUELA N 331', '', '', 237, 1, 3, 1, 4, NULL),
(238, '380039000', 'ESCUELA N 200', '', '', 238, 5, 3, 1, 4, NULL),
(239, '380013100', 'ESCUELA N 274', '', '', 239, 3, 3, 1, 4, NULL),
(240, '380019800', 'ESCUELA N 318 SAN RAFAEL', '', '', 240, 4, 3, 1, 4, NULL),
(241, '380029600', 'ESCUELA N 359', '', '', 241, 1, 3, 1, 4, NULL),
(242, '380032100', 'ESCUELA N 43', '', '', 242, 1, 3, 1, 4, NULL),
(243, '380028500', 'ESCUELA N 169', '', '', 243, 1, 3, 1, 4, NULL),
(244, '380033500', 'ESCUELA N 114', '', '', 244, 1, 3, 1, 4, NULL),
(245, '380034000', 'ESCUELA N 219', '', '', 245, 2, 3, 1, 4, NULL),
(246, '380047000', 'ESCUELA N 109 FLORENTINO AMEGHINO', '', '', 246, 3, 3, 1, 4, NULL),
(247, '380003900', 'ESCUELA N 225 FELIX INFANTE', '', '', 247, 3, 3, 1, 4, NULL),
(248, '380033400', 'ESCUELA N 342 MAESTRO HUMBERTO ANGEL BURGOS', '', '', 248, 1, 3, 1, 4, NULL),
(249, '380018000', 'ESCUELA N 210 CARLOS PELLEGRINI', '', '', 249, 2, 3, 1, 4, NULL),
(250, '380047900', 'ESCUELA N 370', '', '', 250, 2, 3, 1, 4, NULL),
(251, '380018100', 'ESCUELA N 206', '', '', 251, 2, 3, 1, 4, NULL),
(252, '380031700', 'ESCUELA N 324 SARG CRISTINO EUFRACIO ROJAS', '', '', 252, 1, 3, 1, 4, NULL),
(253, '380064500', 'ESCUELA N 446', '', '', 253, 1, 3, 1, 4, NULL),
(254, '380030200', 'ESCUELA N 297 TIERRA DEL FUEGO', '', '', 254, 1, 3, 1, 4, NULL),
(255, '380032800', 'ESCUELA N 52 EPIFANIO SARAVIA', '', '', 255, 1, 3, 1, 4, NULL),
(256, '380020600', 'ESCUELA N 148 POLICIA DE LA PROVINCIA DE JUJUY', '', '', 256, 5, 3, 1, 4, NULL),
(257, '380025700', 'ESCUELA N 189 BRIGADIER GRAL JUAN FACUNDO QUIROGA', '', '', 257, 3, 3, 1, 4, NULL),
(258, '380034100', 'ESCUELA N 196', '', '', 258, 2, 3, 1, 4, NULL),
(259, '380053200', 'ESCUELA N 368 MADRE ALPHONS MARIA EPPINGER', '', '', 259, 1, 3, 1, 4, NULL),
(260, '380033600', 'ESCUELA N 316 CONSCRIPTO TEODORO LAGUNA', '', '', 260, 2, 3, 1, 4, NULL),
(261, '380051600', 'ESCUELA N 121 INGENIEROS ARGENTINOS', '', '', 261, 1, 3, 1, 4, NULL),
(262, '380028000', 'ESCUELA N 382 NARCISO LAPRIDA', '', '', 262, 1, 3, 1, 4, NULL),
(263, '380028600', 'ESCUELA N 134', '', '', 263, 1, 3, 1, 4, NULL),
(264, '380030900', 'ESCUELA N 177', '', '', 264, 1, 3, 1, 4, NULL),
(265, '380038700', 'ESCUELA N 232 MARIANO MORENO', '', '', 265, 5, 3, 1, 4, NULL),
(266, '380055400', 'ESCUELA N 337 ZOILO ROCHA', '', '', 266, 4, 3, 1, 4, NULL),
(267, '380028800', 'ESCUELA N 384', '', '', 267, 1, 3, 1, 4, NULL),
(268, '380033200', 'ESCUELA N 299 GRUPO DE ARTILLERIA 5', '', '', 268, 1, 3, 1, 4, NULL),
(269, '380018500', 'ESCUELA N 47 JOSE FERNANDEZ CAMPERO', '', '', 269, 2, 3, 1, 4, NULL),
(270, '380037200', 'ESCUELA N 250', '', '', 270, 1, 3, 1, 4, NULL),
(271, '380028900', 'ESCUELA N 33', '', '', 271, 1, 3, 1, 4, NULL),
(272, '380034200', 'ESCUELA N 76 SOLDADOS DE MI PATRIA', '', '', 272, 2, 3, 1, 4, NULL),
(273, '380031000', 'ESCUELA N 315', '', '', 273, 1, 3, 1, 4, NULL),
(274, '380010200', 'ESCUELA N 283 DR JOSE HUMBERTO MARTIARENA', '', '', 274, 3, 3, 1, 4, NULL),
(275, '380016000', 'ESCUELA N 118 JUAN MANUEL DE ARISMENDI', '', '', 275, 3, 3, 1, 4, NULL),
(276, '380024900', 'ESCUELA N 280 MAESTRO JOSE RICARDO ESTANI', '', '', 276, 3, 3, 1, 4, NULL),
(277, '380014700', 'ESCUELA N 209 AVELINO BAZAN', '', '', 277, 2, 3, 1, 4, NULL),
(278, '380028100', 'ESCUELA N 303 TTE. DE NAVIO MARCELO GUSTAVO MARQUEZ', '', '', 278, 1, 3, 1, 4, NULL),
(279, '380031800', 'ESCUELA N 344 HERMOGENES CAYO', '', '', 279, 1, 3, 1, 4, NULL),
(280, '380033100', 'ESCUELA N 269 CORONEL MARTINIANO CHILAVERT', '', '', 280, 1, 3, 1, 4, NULL),
(281, '380015300', 'ESCUELA N 198 CIUDAD DE LA PLATA', '', '', 281, 2, 3, 1, 4, NULL),
(282, '380026400', 'ESCUELA N 72', '', '', 282, 1, 3, 1, 4, NULL),
(283, '380018200', 'ESCUELA N 193 BALDOMERO FERNANDEZ MORENO', '', '', 283, 2, 3, 1, 4, NULL),
(284, '380054500', 'ESCUELA N 646', '', '', 284, 5, 3, 1, 4, NULL),
(285, '380029000', 'ESCUELA N 319 SAN ANTONIO MARIA CLARET', '', '', 285, 1, 3, 1, 4, NULL),
(286, '380029500', 'ESCUELA N 347 CORRAL BLANCO', '', '', 286, 1, 3, 1, 4, NULL),
(287, '380028300', 'ESCUELA FRONTERA N 2 ROSARIO WAYAR', '', '', 287, 1, 3, 1, 4, NULL),
(288, '380053000', 'ESCUELA N 146 MAESTRO ARGENTINO', '', '', 288, 1, 3, 1, 4, NULL),
(289, '380029300', 'ESCUELA N 364 DR. JORGE URO', '', '', 289, 1, 3, 1, 4, NULL),
(290, '380033300', 'ESCUELA N 317 MALVINAS ARGENTINAS', '', '', 290, 1, 3, 1, 4, NULL),
(291, '380051100', 'ESCUELA N 325 INDEPENDENCIA', '', '', 291, 1, 3, 1, 4, NULL),
(292, '380036800', 'ESCUELA N 267', '', '', 292, 1, 3, 1, 4, NULL),
(293, '380014900', 'ESCUELA N 26 ENRIQUE SALAZAR CAMARENA', '', '', 293, 2, 3, 1, 4, NULL),
(294, '380027800', 'ESCUELA N 170 EXODO JUJEÑO', '', '', 294, 1, 3, 1, 4, NULL),
(295, '380052800', 'ESCUELA N 67', '', '', 295, 1, 3, 1, 4, NULL),
(296, '380015000', 'ESCUELA N 254 EXODO JUJEÑO', '', '', 296, 2, 3, 1, 4, NULL),
(297, '380049400', 'ESCUELA N 98', '', '', 297, 4, 3, 1, 4, NULL),
(298, '380028200', 'ESCUELA N 183 JOSE HERNANDEZ', '', '', 298, 1, 3, 1, 4, NULL),
(299, '380030500', 'ESCUELA N 42 FRAY MAMERTO ESQUIU', '', '', 299, 1, 3, 1, 4, NULL),
(300, '380052300', 'ESCUELA N 271', '', '', 300, 1, 3, 1, 4, NULL),
(301, '380063100', 'ESCUELA N 197  PEDRO BONIFACIO PALACIOS', '', '', 301, 1, 3, 1, 2, NULL),
(302, '380025500', 'ESCUELA N 373', '', '', 302, 3, 3, 1, 4, NULL),
(303, '380012700', 'ESCUELA N 273 FRANCISCO ANTONIO RIZZUTO', '', '', 303, 3, 3, 1, 4, NULL),
(304, '380056000', 'ESCUELA N 439', '', '', 304, 1, 3, 1, 4, NULL),
(305, '380015100', 'ESCUELA N 141 MONSEÑOR JOSE MARIA MARQUEZ BERNAL', '', '', 305, 2, 3, 1, 4, NULL),
(306, '380015200', 'ESCUELA N 62 ANGEL ESTRADA', '', '', 306, 2, 3, 1, 4, NULL),
(307, '380026800', 'ESCUELA N 195', '', '', 307, 3, 3, 1, 4, NULL),
(308, '380035100', 'ESCUELA N 270 CACIQUE GOB. PEDRO QUIPILDOR', '', '', 308, 1, 3, 1, 4, NULL),
(309, '380050800', 'ESCUELA N 53 DR MARCELINO VARGAS', '', '', 309, 3, 3, 1, 4, NULL),
(310, '380053100', 'ESCUELA N 423 CIUDAD DE LA PLATA', '', '', 310, 1, 3, 1, 4, NULL),
(311, '380032200', 'ESCUELA N 71', '', '', 311, 1, 3, 1, 4, NULL),
(312, '380032600', 'ESCUELA N 36 LUIGI LOSI', '', '', 312, 1, 3, 1, 4, NULL),
(313, '380006900', 'ESCUELA N 104 OJO DE AGUA', '', '', 313, 4, 3, 1, 4, NULL),
(314, '380029100', 'ESCUELA N 369 LUCIA RUEDA', '', '', 314, 1, 3, 1, 4, NULL),
(315, '380031300', 'ESCUELA N 58 DR GREGORIO FUNES', '', '', 315, 1, 3, 1, 4, NULL),
(316, '380020800', 'ESCUELA N 234 PARQUES NACIONALES', '', '', 316, 5, 3, 1, 4, NULL),
(317, '380027900', 'ESCUELA N 208  2 DE JUNIO', '', '', 317, 1, 3, 1, 4, NULL),
(318, '380054800', 'ESCUELA N 301 AUSTRALIA', '', '', 318, 2, 3, 1, 4, NULL),
(319, '380029800', 'ESCUELA N 81  12 DE OCTUBRE', '', '', 319, 1, 3, 1, 4, NULL),
(320, '380029700', 'ESCUELA N 275 LIBERTADORES DE AMERICA', '', '', 320, 1, 3, 1, 4, NULL),
(321, '380048300', 'ESCUELA N 375 LAZARO CRUZ', '', '', 321, 2, 3, 1, 4, NULL),
(322, '380032900', 'ESCUELA N 3 DE FRONTERA', '', '', 322, 1, 3, 1, 4, NULL),
(323, '380047700', 'ESCUELA N 215', '', '', 323, 2, 3, 1, 4, NULL),
(324, '380082300', 'ESCUELA N 462', '', '', 324, 3, 3, 1, 4, NULL),
(325, '380031400', 'ESCUELA N 162', '', '', 325, 1, 3, 1, 4, NULL),
(326, '380051500', 'ESCUELA N 180', '', '', 326, 1, 3, 1, 4, NULL),
(327, '380031600', 'ESCUELA N 345', '', '', 327, 1, 3, 1, 4, NULL),
(328, '380026200', 'ESCUELA N 381', '', '', 328, 1, 3, 1, 4, NULL),
(329, '380051400', 'ESCUELA N 290', '', '', 329, 1, 3, 1, 4, NULL),
(330, '380025300', 'ESCUELA PRIMARIA N 350', '', '', 330, 3, 3, 1, 4, NULL),
(331, '380025600', 'ESCUELA N 428', '', '', 331, 3, 3, 1, 4, NULL),
(332, '380011500', 'ESCUELA N 379', '', '', 332, 3, 3, 1, 4, NULL),
(333, '380024500', 'ESCUELA N 117 CARLOS ALBERTO BARCENA', '', '', 333, 3, 3, 1, 4, NULL),
(334, '380011300', 'ESCUELA N 326 ROTARY CLUB JUJUY', '', '', 334, 3, 3, 1, 4, NULL),
(335, '380049300', 'ESCUELA N 163 DR. GUSTAVO MARTINEZ ZUVIRIA', '', '', 335, 4, 3, 1, 1, NULL),
(336, '380034400', 'ESCUELA N 272 PROVINCIA DE LA RIOJA', '', '', 336, 2, 3, 1, 4, NULL),
(337, '380032300', 'ESCUELA N 374 9 DE JULIO', '', '', 337, 1, 3, 1, 4, NULL),
(338, '380030700', 'ESCUELA N 416 SOBERANIA NACIONAL', '', '', 338, 1, 3, 1, 4, NULL),
(339, '380048500', 'ESCUELA N 60 VICE ALMIRANTE MARIANO CORDERO', '', '', 339, 2, 3, 1, 4, NULL),
(340, '380052700', 'ESCUELA N 187', '', '', 340, 1, 3, 1, 4, NULL),
(341, '380025000', 'ESCUELA N 308 PROVINCIA DE SAN JUAN', '', '', 341, 3, 3, 1, 4, NULL),
(342, '380051800', 'ESCUELA N 363 POLICIA FEDERAL ARGENTINA', '', '', 342, 3, 3, 1, 4, NULL),
(343, '380048100', 'ESCUELA N 277 GRAL JUAN GALO LAVALLE', '', '', 343, 2, 3, 1, 4, NULL),
(344, '380024700', 'ESCUELA N 377', '', '', 344, 3, 3, 1, 4, NULL),
(345, '380032500', 'ESCUELA N 127', '', '', 345, 1, 3, 1, 4, NULL),
(346, '380023500', 'ESCUELA N 179  NUESTRA INDEPENDENCIA', '', '', 346, 5, 3, 1, 4, NULL),
(347, '380037300', 'ESCUELA N 103 MINERIA ARGENTINA', '', '', 347, 1, 3, 1, 4, NULL),
(348, '380051700', 'ESCUELA N 182', '', '', 348, 3, 3, 1, 4, NULL),
(349, '380044400', 'ESCUELA N 168 ADELINA RUIZ DE CHAGRA', '', '', 349, 3, 3, 1, 4, NULL),
(350, '380016500', 'ESCUELA N 228 ALTOS HORNOS ZAPLA', '', '', 350, 3, 3, 1, 4, NULL),
(351, '380057200', 'ESCUELA N 237 20 DE JUNIO', '', '', 351, 2, 3, 1, 4, NULL),
(352, '380048800', 'ESCUELA N 92 PADRE TARCISIO RUBIN', '', '', 352, 4, 3, 1, 4, NULL),
(353, '380018600', 'ESCUELA N 41 SOLDADO ARGENTINO', '', '', 353, 2, 3, 1, 4, NULL),
(354, '380036200', 'ESCUELA N 80  VICENTE LOPEZ Y PLANES', '', '', 354, 1, 3, 1, 4, NULL),
(355, '380010400', 'ESCUELA N 108 REPUBLICA DE CHILE', '', '', 355, 3, 3, 1, 4, NULL),
(356, '380019700', 'ESCUELA N 294 PATRICIAS ARGENTINAS', '', '', 356, 4, 3, 1, 4, NULL),
(357, '380023300', 'ESCUELA N 426 MONSENOR ENRIQUE ANGELELLI', '', '', 357, 5, 3, 1, 4, NULL),
(358, '380030400', 'ESCUELA N 333 TTE. DE FRAGATA MIGUEL ANIBAL TANCO', '', '', 358, 1, 3, 1, 4, NULL),
(359, '380047400', 'ESCUELA N 241 PROVINCIA DE NEUQUEN', '', '', 359, 2, 3, 1, 4, NULL),
(360, '380052200', 'ESCUELA N 49 NUESTRA SEÑORA DE LA MEDALLA MILAGROSA', '', '', 360, 1, 3, 1, 4, NULL),
(361, '380036400', 'ESCUELA N 244 BARTOLOME MITRE', '', '', 361, 1, 3, 1, 4, NULL),
(362, '380029900', 'ESCUELA N 291 WOLF SCHCOLNIK', '', '', 362, 1, 3, 1, 4, NULL),
(363, '380032000', 'ESCUELA N 45 DR  JUAN CARLOS ARIAS', '', '', 363, 1, 3, 1, 4, NULL),
(364, '380051200', 'ESCUELA N 56 NUESTRO SEÑOR DEL MILAGRO', '', '', 364, 1, 3, 1, 2, NULL),
(365, '380051000', 'ESCUELA N 128 LEOPOLDO LUGONES', '', '', 365, 3, 3, 1, 4, NULL),
(366, '380081500', 'ESCUELA COOPERATIVA TIERRA DEL SOL', '', '', 366, 2, 3, 3, 1, NULL),
(367, '380046600', 'ESCUELA N 151 JOSE ANTONIO DE TEZANOS PINTO', '', '', 367, 4, 3, 1, 4, NULL),
(368, '380035000', 'ESCUELA N 362 HEROES DE MALVINAS', '', '', 368, 1, 3, 1, 4, NULL),
(369, '380012800', 'ESCUELA N 298 DR PLINIO ZABALA', '', '', 369, 3, 3, 1, 4, NULL),
(370, '380050900', 'ESCUELA N 279 ABDON CASTRO TOLAY', '', '', 370, 3, 3, 1, 4, NULL),
(371, '380032400', 'ESCUELA N 83 CRISTOBAL COLON', '', '', 371, 1, 3, 1, 4, NULL),
(372, '380010700', 'ESCUELA N 394 DR TEOFILO SANCHEZ DE BUSTAMANTE', '', '', 372, 3, 3, 1, 2, NULL),
(373, '380037000', 'ESCUELA N 425 DR. GUILLERMO EUGENIO SNOPEK', '', '', 373, 1, 3, 1, 4, NULL),
(374, '380026700', 'ESCUELA N 211 GENDARMERIA NACIONAL', '', '', 374, 3, 3, 1, 4, NULL),
(375, '380024600', 'ESCUELA N 276 PROVINCIA DE RIO NEGRO', '', '', 375, 3, 3, 1, 4, NULL),
(376, '380047300', 'ESCUELA N 332', '', '', 376, 2, 3, 1, 4, NULL),
(377, '380027600', 'ESCUELA N 249 GAUCHOS DE GUEMES', '', '', 377, 1, 3, 1, 4, NULL),
(378, '380012900', 'ESCUELA N 260 FUERZA AEREA ARGENTINA', '', '', 378, 3, 3, 1, 4, NULL),
(379, '380036700', 'ESCUELA N 366', '', '', 379, 1, 3, 1, 2, NULL),
(380, '380054600', 'ESCUELA N 644', '', '', 380, 5, 3, 1, 4, NULL),
(381, '380030300', 'ESCUELA N 61 HNA STELLA MARYS ILMING', '', '', 381, 1, 3, 1, 4, NULL),
(382, '380018300', 'ESCUELA N 90 CAPITAN DE LOS ANDES  ', '', '', 382, 2, 3, 1, 4, NULL),
(383, '380030100', 'ESCUELA N 300 MARTIN MIGUEL DE GUEMES', '', '', 383, 1, 3, 1, 4, NULL),
(384, '380029200', 'ESCUELA N 18 GRAL RONDEAU', '', '', 384, 1, 3, 1, 4, NULL),
(385, '380052400', 'ESCUELA DE FRONTERA N 4 CAPITAL FEDERAL', '', '', 385, 1, 3, 1, 4, NULL),
(386, '380055200', 'ESCUELA N 74 ISLAS MALVINAS', '', '', 386, 4, 3, 1, 4, NULL),
(387, '380046000', 'ESCUELA N 220 SAUCE GUACHO', '', '', 387, 4, 3, 1, 4, NULL),
(388, '380036600', 'ESCUELA N 131 ALFONSINA STORNI', '', '', 388, 1, 3, 1, 4, NULL),
(389, '380036100', 'ESCUELA N 29 PUNA ARGENTINA', '', '', 389, 1, 3, 1, 4, NULL),
(390, '380048400', 'ESCUELA N 115 AMERO LUIS RUSCONI', '', '', 390, 2, 3, 1, 2, NULL),
(391, '380028400', 'ESCUELA N 25 SARG. JOSE MARIANO GOMEZ', '', '', 391, 1, 3, 1, 4, NULL),
(392, '380016600', 'ESCUELA N 22 REPUBLICA DE BOLIVIA', '', '', 392, 3, 3, 1, 4, NULL),
(393, '380013800', 'ESCUELA N 101 ANIBAL HELGUERA SANCHEZ', '', '', 393, 2, 3, 1, 4, NULL),
(394, '380034500', 'ESCUELA N 16 18 DE NOVIEMBRE', '', '', 394, 3, 3, 1, 4, NULL),
(395, '380049100', 'ESCUELA N 82 REPUBLICA DE VENEZUELA', '', '', 395, 4, 3, 1, 4, NULL),
(396, '380074900', 'ESCUELA N 454', '', '', 396, 3, 3, 1, 4, NULL),
(397, '380012100', 'ESCUELA N 302 ESTADOS UNIDOS DE BRASIL', '', '', 397, 3, 3, 1, 4, NULL),
(398, '380013900', 'ESCUELA N 296 MODESTA LIZARRAGA DE LERMA', '', '', 398, 2, 3, 1, 4, NULL),
(399, '380014000', 'ESCUELA N 341 VALENTINA ALVAREZ PRADO DE PEÑA', '', '', 399, 2, 3, 1, 4, NULL),
(400, '380049800', 'ESCUELA N 313 CONSTANCIO C. VIGIL', '', '', 400, 4, 3, 1, 4, NULL),
(401, '380006800', 'ESCUELA N 288 DR JORGE CORNEJO ARIAS', '', '', 401, 4, 3, 1, 4, NULL),
(402, '380014100', 'ESCUELA N 378', '', '', 402, 2, 3, 1, 4, NULL),
(403, '380018400', 'ESCUELA N 239 DANIEL DOMINGUEZ', '', '', 403, 2, 3, 1, 2, NULL),
(404, '380048000', 'ESCUELA N 328 GRAL ANTONIO GONZALEZ BALCARCE', '', '', 404, 2, 3, 1, 4, NULL),
(405, '380050300', 'ESCUELA N 125 ZAFRA', '', '', 405, 4, 3, 1, 2, NULL),
(406, '380034800', 'ESCUELA N 251 MAESTRO HIPOLITO CACIANO CRUZ', '', '', 406, 3, 3, 1, 4, NULL),
(407, '380010000', 'ESCUELA N 285 PROVINCIA DE SAN LUIS', '', '', 407, 3, 3, 1, 4, NULL),
(408, '380025200', 'ESCUELA N 395 MUTUALIDAD DEL CIRCULO DE OFICIALES DE LA POLICIA DE LA PROVINCIA', '', '', 408, 3, 3, 1, 4, NULL),
(409, '380007000', 'ESCUELA N 309 PEDRO ORTIZ DE ZARATE', '', '', 409, 4, 3, 1, 2, NULL),
(410, '380043300', 'ESCUELA N 240 CORONEL JUAN CACERES', '', '', 410, 2, 3, 1, 4, NULL),
(411, '380036900', 'ESCUELA N 23 MARIA DE LOS R. ESCALADA DE SAN MARTIN', '', '', 411, 1, 3, 1, 4, NULL),
(412, '380026600', 'ESCUELA N 365 EDUARDO CALSINA', '', '', 412, 3, 3, 1, 4, NULL),
(413, '380050200', 'ESCUELA N 306 DOMINGO FAUSTINO SARMIENTO', '', '', 413, 4, 3, 1, 2, NULL),
(414, '380011100', 'ESCUELA N 44 JOSE IGNACIO GORRITI', '', '', 414, 3, 3, 1, 4, NULL),
(415, '380049900', 'ESCUELA N 230 ANTARTIDA ARGENTINA', '', '', 415, 4, 3, 1, 2, NULL),
(416, '380020500', 'ESCUELA N 248 NTRA SRA DEL ROSARIO DE RIO BLANCO Y PAYPAYA', '', '', 416, 2, 3, 1, 4, NULL),
(417, '380054700', 'ESCUELA N 188 RICARDO GUIRALDES', '', '', 417, 4, 3, 1, 4, NULL),
(418, '380020700', 'ESCUELA N 35 DR HECTOR QUINTANA', '', '', 418, 5, 3, 1, 4, NULL),
(419, '380050600', 'ESCUELA N 320', '', '', 419, 5, 3, 1, 2, NULL),
(420, '380049500', 'ESCUELA N 256 JOSE MANUEL ESTRADA', '', '', 420, 4, 3, 1, 2, NULL),
(421, '380000800', 'ESCUELA DE GESTION PRIVADA ARCO IRIS', '', '', 421, 3, 3, 2, 1, NULL),
(422, '380003800', 'ESCUELA N 430 PADRE JERONIMO SCHONFELD', '', '', 422, 3, 3, 1, 1, NULL),
(423, '380004900', 'ESCUELA N 178 NICOLAS LAMAS', '', '', 423, 3, 3, 1, 4, NULL),
(424, '380045000', 'ESCUELA N 386 LATINOAMERICA', '', '', 424, 3, 3, 1, 4, NULL),
(425, '380009900', 'ESCUELA N 307 SAN JOSE DE CALASANZ', '', '', 425, 3, 3, 1, 4, NULL),
(426, '380053800', 'ESCUELA N 153', '', '', 426, 3, 3, 1, 1, NULL),
(427, '380054900', 'ESCUELA N 304 ARQ CARLOS ALBERTO FRANZINI', '', '', 427, 4, 3, 1, 1, NULL),
(428, '380026500', 'ESCUELA N 389 PASO DE LOS ANDES', '', '', 428, 3, 3, 1, 4, NULL),
(429, '380034700', 'ESCUELA N 17 25 DE MAYO', '', '', 429, 3, 3, 1, 2, NULL),
(430, '380046100', 'ESCUELA N 139 SGTO JUAN BAUTISTA CABRAL', '', '', 430, 4, 3, 1, 4, NULL),
(431, '380011800', 'ESCUELA N 235 PROVINCIA DE CHUBUT', '', '', 431, 3, 3, 1, 2, NULL),
(432, '380001400', 'ESCUELA N 282 TAMBOR DE TACUARI', '', '', 432, 4, 3, 1, 4, NULL),
(433, '380063300', 'COLEGIO EVANGELICO CRISTO REY', '', '', 433, 3, 3, 2, 1, NULL),
(434, '380039200', 'ESCUELA N 27 JUAN GALO LAVALLE', '', '', 434, 2, 3, 1, 2, NULL),
(435, '380012200', 'ESCUELA N 335 NACIONES UNIDAS', '', '', 435, 3, 3, 1, 1, NULL),
(436, '380020100', 'ESCUELA N 286 FRANCISCO NARCISO LAPRIDA', '', '', 436, 5, 3, 1, 2, NULL),
(437, '380013000', 'ESCUELA N 266 PROVINCIA DE CATAMARCA', '', '', 437, 3, 3, 1, 2, NULL),
(438, '380001800', 'ESCUELA N 173 AMERICA DEL SUR', '', '', 438, 3, 3, 1, 2, NULL),
(439, '380015600', 'ESCUELA N 11 TTE. GRAL. BARTOLOME MITRE', '', '', 439, 3, 3, 1, 4, NULL),
(440, '380001900', 'ESCUELA N 343 CABO HUMBERTO CESAR ALEMAN HEROE DE MALVINAS', '', '', 440, 3, 3, 1, 4, NULL),
(441, '380021100', 'ESCUELA N 212 SAN FRANCISCO DE ASIS', '', '', 441, 4, 3, 1, 1, NULL),
(442, '380037600', 'ESCUELA N 408 SIMON BOLIVAR', '', '', 442, 2, 3, 1, 1, NULL),
(443, '380055500', 'ESCUELA N 21 PEDRO GOYENA', '', '', 443, 3, 3, 1, 2, NULL),
(444, '380002000', 'ESCUELA N 323 MAESTROS ARGENTINOS', '', '', 444, 3, 3, 1, 2, NULL),
(445, '380016100', 'ESCUELA N 321 PROVINCIA DE BUENOS AIRES', '', '', 445, 3, 3, 1, 1, NULL),
(446, '380020200', 'ESCUELA N 142 PENTI RANI ÑANDETAI', '', '', 446, 5, 3, 1, 4, NULL),
(447, '380010900', 'ESCUELA N 19 DELFIN PUCH', '', '', 447, 3, 3, 1, 2, NULL),
(448, '380011400', 'ESCUELA N 264 BATALLA DE SUIPACHA', '', '', 448, 3, 3, 1, 1, NULL),
(449, '380017800', 'ESCUELA N 31 CORONEL ARIAS', '', '', 449, 2, 3, 1, 2, NULL),
(450, '380083900', 'ESCUELA N 463 PADRE JESUS OLMEDO', '', '', 450, 1, 3, 1, 1, NULL),
(451, '380007500', 'ESCUELA N 252 PROVINCIA DE SALTA', '', '', 451, 3, 3, 1, 2, NULL),
(452, '380041600', 'ESCUELA N 39 PABLO SORIA', '', '', 452, 4, 3, 1, 2, NULL),
(453, '380049700', 'ESCUELA N 229 PROVINCIA DE ENTRE RIOS', '', '', 453, 4, 3, 1, 1, NULL),
(454, '380026900', 'ESCUELA N 361  27 DE FEBRERO', '', '', 454, 3, 3, 1, 2, NULL),
(455, '380054200', 'ESCUELA PRIMARIA N 336', '', '', 455, 5, 3, 1, 4, NULL),
(456, '380049200', 'ESCUELA N 87 GABRIELA MISTRAL', '', '', 456, 4, 3, 1, 1, NULL),
(457, '380104500', 'COLEGIO PABLO PIZZURNO -NIVEL INICIAL Y PRIMARIO-', '', '', 457, 3, 3, 2, 1, NULL),
(458, '380008700', 'ESCUELA MODELO DE EDUCACION INTEGRAL', '', '', 458, 3, 3, 2, 1, NULL),
(459, '380046300', 'ESCUELA N 312 AGUA Y ENERGIA ELECTRICA', '', '', 459, 3, 3, 1, 4, NULL),
(460, '380010500', 'ESCUELA N 322 INDEPENDENCIA DEL PERU', '', '', 460, 3, 3, 1, 2, NULL),
(461, '380091500', 'ESCUELA N 467', '', '', 461, 3, 3, 1, 1, NULL),
(462, '380055300', 'ESCUELA N 383 FRAY MAMERTO ESQUIU', '', '', 462, 4, 3, 1, 2, NULL),
(463, '380077400', 'ESCUELA PRIMARIA N 453', '', '', 463, 3, 3, 1, 2, NULL),
(464, '380040200', 'ESCUELA N 247 NICOLAS AVELLANEDA', '', '', 464, 3, 3, 1, 4, NULL),
(465, '380038200', 'ESCUELA PROVINCIAL N 54 PROF. FILIBERTO URBANO CARRIZO', '', '', 465, 3, 3, 1, 4, NULL),
(466, '380039900', 'ESCUELA N 436 DIPUTADA MARIA DEL PILAR BERMUDEZ', '', '', 466, 3, 3, 1, 1, NULL),
(467, '380065000', 'ESCUELA N 449 MUNICIPALIDAD CIUDAD PERICO', '', '', 467, 3, 3, 1, 1, NULL),
(468, '380064300', 'ESCUELA DE GESTION PRIVADA NUEVA ESPERANZA', '', '', 468, 3, 3, 2, 1, NULL),
(469, '380040600', 'ESCUELA N 37 FELIPE ANTONIO DE IRIARTE', '', '', 469, 3, 3, 1, 1, NULL),
(470, '380085400', 'ESCUELA N 465 ', '', '', 470, 3, 3, 1, 1, NULL),
(471, '380007600', 'ESCUELA N 314 CORONEL RICARDO SANTIAGO IBAZETA', '', '', 471, 3, 3, 1, 4, NULL),
(472, '380023700', 'COOPERATIVA ESCUELA LIBERTADOR GRAL. SAN MARTIN', '', '', 472, 5, 3, 2, 1, NULL),
(473, '380015900', 'ESCUELA N 48 DR MANUEL PADILLA', '', '', 473, 3, 3, 1, 1, NULL),
(474, '380012300', 'ESCUELA N 190 DR. MACEDONIO GRAZ', '', '', 474, 3, 3, 1, 1, NULL),
(475, '380040901', 'COLEGIO FASTA INGENIERO JOSE MARIA PAZ', '', '', 475, 5, 3, 2, 1, NULL),
(476, '380048701', 'COLEGIO CATOLICO JESUS MAESTRO', '', '', 476, 4, 3, 2, 1, NULL),
(477, '380047600', 'ESCUELA N 339 JUAN IGNACIO GORRITI', '', '', 477, 2, 3, 1, 1, NULL),
(478, '380048600', 'ESCUELA N 338 DR CARLOS A ALVARADO', '', '', 478, 4, 3, 1, 1, NULL),
(479, '380023100', 'ESCUELA N 66 MARTIN MIGUEL DE GUEMES', '', '', 479, 5, 3, 1, 1, NULL),
(480, '380077600', 'ESCUELA N 456 SGTO JUAN BAUTISTA CABRAL', '', '', 480, 3, 3, 1, 1, NULL),
(481, '380015700', 'ESCUELA N 24 BRIGADIER GRAL. CORNELIO SAAVEDRA', '', '', 481, 3, 3, 1, 1, NULL),
(482, '380002900', 'ESCUELA N 8 ESCOLASTICO ZEGADA', '', '', 482, 3, 3, 1, 1, NULL),
(483, '380046400', 'ESCUELA N 30 JUANA AZURDUY DE PADILLA', '', '', 483, 3, 3, 1, 1, NULL),
(484, '380027700', 'ESCUELA N 1 DE FRONTERA GRAL. BELGRANO', '', '', 484, 1, 3, 1, 1, NULL),
(485, '380017600', 'ESCUELA N 78 DR JOSE BENITO DE LA BARCENA', '', '', 485, 3, 3, 1, 1, NULL),
(486, '380004800', 'ESCUELA N 55 PATRICIAS JUJEÑAS', '', '', 486, 3, 3, 1, 2, NULL),
(487, '380013300', 'ESCUELA N 432 REPUBLICA FRANCESA', '', '', 487, 3, 3, 1, 1, NULL),
(488, '380074800', 'ESCUELA N 455', '', '', 488, 3, 3, 1, 1, NULL),
(489, '380041400', 'ESCUELA N 40  9 DE JULIO', '', '', 489, 5, 3, 1, 1, NULL),
(490, '380045600', 'ESCUELA N 356 JOSE HERNANDEZ', '', '', 490, 4, 3, 1, 4, NULL),
(491, '380045500', 'ESCUELA N 214 EJERCITO DEL NORTE', '', '', 491, 3, 3, 1, 1, NULL),
(492, '380007700', 'ESCUELA N 236 PROVINCIA DE SANTA FE', '', '', 492, 3, 3, 1, 1, NULL),
(493, '380007900', 'ESCUELA N 64 INDEPENDENCIA', '', '', 493, 3, 3, 1, 1, NULL),
(494, '380017100', 'ESCUELA N 119 GENERAL SAVIO', '', '', 494, 3, 3, 1, 1, NULL),
(495, '380007300', 'ESCUELA PRIMARIA N 295 DR ROQUE SAENZ PENA', '', '', 495, 3, 3, 1, 2, NULL),
(496, '380017900', 'ESCUELA N 13 DR. ERNESTO E. PADILLA', '', '', 496, 2, 3, 1, 1, NULL),
(497, '380054100', 'ESCUELA PRIMARIA N 123 GRAL. MANUEL BELGRANO', '', '', 497, 5, 4, 1, 1, NULL),
(498, '380064900', 'COLEGIO SAN JOSE PATRONO', '', '', 498, 3, 4, 2, 1, NULL),
(499, '380061900', 'CENTRO EDUCATIVO FUNDACION SAN PATRICIO', '', '', 499, 3, 4, 2, 1, NULL),
(500, '380055800', 'COLEGIO NUEVA SIEMBRA', '', '', 500, 3, 4, 2, 1, NULL),
(501, '380001200', 'COLEGIO PRIVADO JEAN PIAGET', '', '', 501, 3, 4, 2, 1, NULL),
(502, '380058500', 'COLEGIO CATOLICO CRISTO REY', '', '', 502, 3, 4, 2, 1, NULL),
(503, '380008900', 'COLEGIO REMEDIOS DE ESCALADA DE SAN MARTIN', '', '', 503, 3, 4, 2, 1, NULL),
(504, '380016400', 'COLEGIO FASTA SAN ALBERTO MAGNO O P', '', '', 504, 3, 4, 2, 2, NULL),
(505, '380005700', 'ESCUELA PRIVADA ANTONIO MARIA GIANELLI', '', '', 505, 3, 4, 2, 1, NULL),
(506, '380017200', 'COLEGIO PRIVADO SAGRADO CORAZON', '', '', 506, 3, 4, 2, 1, NULL),
(507, '380001100', 'COLEGIO SANTA BARBARA', '', '', 507, 3, 4, 2, 1, NULL),
(508, '380019600', 'COLEGIO PRIVADO SAN AGUSTIN', '', '', 508, 4, 4, 2, 1, NULL),
(509, '380047100', 'ESCUELA MUNICIPAL N 1 MAESTRA MARINA VILTE', '', '', 509, 3, 4, 1, 1, NULL),
(510, '380001600', 'COLEGIO NUESTRA SEÑORA DEL HUERTO', '', '', 510, 3, 4, 2, 1, NULL),
(511, '380038000', 'COLEGIO DEL DIVINO REDENTOR', '', '', 511, 3, 4, 2, 1, NULL),
(512, '380009500', 'COLEGIO SANTA TERESITA', '', '', 512, 3, 4, 2, 1, NULL),
(513, '380040700', 'COLEGIO DEL SALVADOR', '', '', 513, 3, 4, 2, 1, NULL),
(514, '380097000', 'JARDIN DE INFANTES Y MATERNAL SONRISAS DE LA TIERRA', '', '', 514, 3, 5, 2, 1, NULL),
(515, '380089600', 'JARDIN MATERNAL MIS PRIMEROS TRAZOS I', '', '', 515, 3, 5, 2, 1, NULL),
(516, '380096900', 'JARDIN MATERNAL TIC TAC', '', '', 516, 3, 5, 2, 1, NULL),
(517, '380070300', 'JARDIN INDEPENDIENTE N 23', '', '', 517, 3, 5, 1, 1, NULL),
(518, '380100600', 'JARDIN INDEPENDIENTE NIÑO JESUS', '', '', 518, 4, 5, 2, 1, NULL),
(519, '380096500', 'COLEGIO PRIVADO LOS OLIVOS', '', '', 519, 4, 5, 2, 1, NULL),
(520, '380100300', 'JARDIN MATERNAL RAYITO DE SOL', '', '', 520, 3, 5, 2, 1, NULL),
(521, '380068200', 'JARDIN MATERNAL BURBUJITAS', '', '', 521, 3, 5, 2, 1, NULL),
(522, '380096000', 'CENTRO DE DESARROLLO INFANTIL 7 COLORES', '', '', 522, 3, 5, 3, 1, NULL),
(523, '380073400', 'GUARDERIA ARCA DE NOE', '', '', 523, 3, 5, 1, 1, NULL),
(524, '380101400', 'JARDIN MATERNAL GENIOS EN ACCION', '', '', 524, 3, 5, 2, 1, NULL),
(525, '380064100', 'JARDIN MATERNAL GRILLITO PEPE', '', '', 525, 3, 5, 2, 1, NULL),
(526, '380099300', 'JARDIN INDEPENDIENTE N 14', '', '', 526, 3, 5, 1, 1, NULL),
(527, '380099200', 'JARDIN INDEPENDIENTE NIÑOS DE BELEN', '', '', 527, 3, 5, 1, 1, NULL),
(528, '380070700', 'FUNDACION DARIO RODRIGO LOPEZ CABANA DARLOCAB', '', '', 528, 3, 5, 1, 1, NULL),
(529, '380097100', 'CENTRO EDUCATIVO INFANTIL JARDIN MATERNAL ARCA DE NOE', '', '', 529, 3, 5, 2, 1, NULL),
(530, '380101300', 'JIM CEDEMS N 3 - LAS HERAS', '', '', 530, 3, 5, 2, 1, NULL),
(531, '380062400', 'CENTRO DE DESARROLLO INFANTIL HERMINIO ARRIETA', '', '', 531, 3, 5, 1, 1, NULL),
(532, '380070500', 'JARDIN INDEPENDIENTE N 16 RINCONCITO AZUL', '', '', 532, 3, 5, 1, 1, NULL),
(533, '380100200', 'JARDIN DE INFANTES MIS PRIMEROS PASOS', '', '', 533, 3, 5, 2, 1, NULL),
(534, '380096100', 'JARDIN SAN RAMON', '', '', 534, 3, 5, 3, 1, NULL),
(535, '380097200', 'JARDIN DE INFANTES LUNA DE CRISTAL', '', '', 535, 3, 5, 2, 1, NULL),
(536, '380055801', 'JARDIN MATERNAL FRUTILLITA', '', '', 536, 3, 5, 2, 1, NULL),
(537, '380096600', 'JARDIN MATERNAL MUNDO MAGICO', '', '', 537, 3, 5, 2, 1, NULL),
(538, '380070101', 'JARDIN INFANTIL ADEP SUEÑITOS DEL MAÑANA', '', '', 538, 4, 5, 3, 1, NULL),
(539, '380100900', 'JARDIN INFANTES ADEP SUEÑITOS DEL MAÑANA', '', '', 539, 5, 5, 2, 1, NULL),
(540, '380069900', 'CENTRO DESARROLLO INFANTIL HOGAR DEL NINO EVA PERON', '', '', 540, 3, 5, 1, 1, NULL),
(541, '380100800', 'COLEGIO PRIVADO ANTONIO BERNI', '', '', 541, 4, 5, 2, 1, NULL),
(542, '380072100', 'CENTRO DE DESARROLLO INFANTIL EVITA', '', '', 542, 3, 5, 1, 1, NULL),
(543, '380070100', 'JARDIN MATERNAL ADEP SUEÑITOS DEL MAÑANA', '', '', 543, 3, 5, 3, 1, NULL),
(544, '380069800', 'CENTRO DE DESARROLLO INFANTIL DR GUILLERMO EUGENIO SNOPEK', '', '', 544, 3, 5, 1, 1, NULL),
(545, '380085500', 'JARDIN INDEPENDIENTE LOS PATITOS', '', '', 545, 1, 5, 2, 1, NULL),
(546, '380062800', 'CENTRO DE DESARROLLO INFANTIL SANTA RITA', '', '', 546, 3, 5, 1, 1, NULL),
(547, '380093800', 'JARDIN DE INFANTES CONEJIN', '', '', 547, 4, 5, 2, 1, NULL),
(548, '380099800', 'JARDIN MATERNAL EL MUNDO MAGICO DE SUSY', '', '', 548, 3, 5, 3, 1, NULL),
(549, '380095700', 'JARDIN MATERNAL BILINGUE WAWA HUASI', '', '', 549, 1, 5, 2, 1, NULL),
(550, '380101700', 'JARDIN MATERNAL  EL REINO DEL REVES', '', '', 550, 3, 5, 2, 1, NULL),
(551, '380086500', 'JARDIN MATERNAL PATITO COLETON', '', '', 551, 3, 5, 2, 1, NULL),
(552, '380072400', 'CENTRO DESARROLLO INFANTIL SAN JOSE', '', '', 552, 3, 5, 1, 1, NULL),
(553, '380090500', 'ESCUELA DE ENSEÑANZA PRIVADA LUZ ', '', '', 553, 4, 5, 2, 1, NULL),
(554, '380012601', 'COLEGIO LOS LAPACHOS', '', '', 554, 3, 5, 2, 1, NULL),
(555, '380046800', 'COLEGIO PARROQUIAL NUESTRA SEÑORA DEL CARMEN', '', '', 555, 3, 5, 2, 1, NULL),
(556, '380013500', 'COLEGIO PRIVADO MODELO PALPALA', '', '', 556, 3, 5, 2, 1, NULL),
(557, '380055700', 'COLEGIO CRISTIANO EVANGELICO CHE-IL', '', '', 557, 3, 5, 2, 1, NULL),
(558, '380057900', 'COMPLEJO EDUCATIVO JOSE HERNANDEZ', '', '', 558, 3, 5, 2, 1, NULL),
(559, '380055600', 'COLEGIO MARTIN PESCADOR', '', '', 559, 3, 5, 2, 1, NULL),
(560, '380034300', 'ESCUELA N 89 SALVADOR DE BENEDETTI', '', '', 560, 2, 6, 1, 4, NULL),
(561, '380037100', 'ESCUELA N 340', '', '', 561, 1, 6, 1, 4, NULL),
(562, '380025800', 'ESCUELA N 355', '', '', 562, 1, 6, 1, 4, NULL),
(563, '380010600', 'ESCUELA N 353 DR. DALMACIO VELEZ SARFIELD', '', '', 563, 3, 6, 1, 4, NULL),
(564, '380014200', 'ESCUELA N 129 PACHACAMAC', '', '', 564, 2, 6, 1, 4, NULL),
(565, '380020900', 'ESCUELA N 130', '', '', 565, 5, 6, 1, 4, NULL),
(566, '380014400', 'ESCUELA N 122 JULIO ARGENTINO ROCA', '', '', 566, 2, 6, 1, 4, NULL),
(567, '380030000', 'ESCUELA N 292 ADUANA ARGENTINA', '', '', 567, 1, 6, 1, 4, NULL),
(568, '380014800', 'ESCUELA N 380 RIM. 20 CAZADORES DE LOS ANDES', '', '', 568, 2, 6, 1, 4, NULL),
(569, '380014500', 'ESCUELA N 70', '', '', 569, 2, 6, 1, 4, NULL),
(570, '380033700', 'ESCUELA N 358 ROSARIO VERA PEÑALOZA', '', '', 570, 2, 6, 1, 4, NULL),
(571, '380004600', 'ESCUELA N 327 ISLAS MALVINAS', '', '', 571, 3, 6, 1, 4, NULL),
(572, '380059000', 'ESCUELA N 284 ARMADA NACIONAL', '', '', 572, 3, 6, 1, 4, NULL),
(573, '380033900', 'ESCUELA N 351 JOSE MARIA FASCIO', '', '', 573, 2, 6, 1, 4, NULL),
(574, '380029400', 'ESCUELA N 334', '', '', 574, 1, 6, 1, 4, NULL),
(575, '380012501', 'COLEGIO PRIVADO NUEVA GENERACION', '', '', 575, 3, 6, 2, 1, NULL),
(576, '380030600', 'ESCUELA N 113 ANTARTIDA ARGENTINA', '', '', 576, 1, 6, 1, 4, NULL),
(577, '380098701', 'INSTITUTO DE EDUCACION PRIMARIA 17 DE SETIEMBRE - CEDEMS', '', '', 577, 3, 6, 3, 1, NULL),
(578, '380095101', 'COLEGIO NUEVO HORIZONTE N 2 - SAN VICENTE DE MONTERRICO', '', '', 578, 3, 6, 3, 1, NULL),
(579, '380050000', 'ESCUELA N 293 JUSTO JOSE DE URQUIZA', '', '', 579, 4, 6, 1, 2, NULL),
(580, '380005800', 'ESCUELA N 205 BERNARDINA MEJIA MIRAVAL DE ARGAÑARAS', '', '', 580, 3, 6, 1, 1, NULL),
(581, '380042300', 'ESCUELA N 238 SANTA BARBARA', '', '', 581, 4, 6, 1, 1, NULL),
(582, '380022700', 'ESCUELA N 156 DR. GUILLERMO CLELAND PATERSON', '', '', 582, 4, 6, 1, 1, NULL),
(583, '380044000', 'ESCUELA N 417 PRESBITERO JUAN ROBERTO MORENO', '', '', 583, 3, 6, 1, 1, NULL),
(584, '380027300', 'ESCUELA N 73 MIGUEL ESTANISLAO SOLER', '', '', 584, 5, 6, 1, 1, NULL),
(585, '380003100', 'ESCUELA N 410 MAGDALENA DE GOYECHEA Y CORTE DE GUEMES', '', '', 585, 3, 6, 1, 1, NULL),
(586, '380027200', 'ESCUELA N 174 SANTA RITA', '', '', 586, 5, 6, 1, 1, NULL),
(587, '380005500', 'ESCUELA N 111 SAN FRANCISCO DE ALAVA', '', '', 587, 3, 6, 1, 1, NULL),
(588, '380027400', 'ESCUELA N 265 GRAL. SAN MARTIN', '', '', 588, 5, 6, 1, 1, NULL),
(589, '380011200', 'ESCUELA N 65 JOSE QUINTANA', '', '', 589, 3, 6, 1, 2, NULL),
(590, '380017400', 'ESCUELA N 176 DE LA PATRIA', '', '', 590, 3, 6, 1, 1, NULL),
(591, '380080400', 'ESCUELA N 458', '', '', 591, 3, 6, 1, 1, NULL),
(592, '380019100', 'ESCUELA N 391 PRIMERA FUNDACION DE JUJUY CIUDAD DE NIEVA', '', '', 592, 3, 6, 1, 1, NULL),
(593, '380035500', 'ESCUELA N 46 CORONEL MARIANO SANTIBAÑEZ', '', '', 593, 5, 6, 1, 1, NULL),
(594, '380063400', 'ESCUELA FRONTERA N 7', '', '', 594, 1, 6, 1, 1, NULL),
(595, '380089700', 'ESCUELA N 466 NUESTRA SE?ORA DE FATIMA', '', '', 595, 5, 6, 1, 1, NULL),
(596, '380000300', 'ESCUELA N 136 GENERAL LAMADRID', '', '', 596, 3, 6, 1, 1, NULL),
(597, '380085100', 'ESCUELA N 464 PROVINCIA DE JUJUY', '', '', 597, 3, 6, 1, 1, NULL),
(598, '380064700', 'ESCUELA N 445 NUESTRA SE?ORA DE LA MERCED', '', '', 598, 4, 6, 1, 1, NULL),
(599, '380044800', 'ESCUELA N 221 UNION LATINOAMERICANA', '', '', 599, 4, 6, 1, 1, NULL),
(600, '380019000', 'ESCUELA N 68 MAESTRA CONCEPCION CICARELLI', '', '', 600, 3, 6, 1, 1, NULL),
(601, '380066600', 'ESCUELA N 451', '', '', 601, 3, 6, 1, 1, NULL),
(602, '380066800', 'ESCUELA N 450 DR ELVIO ADAN MARTELLI', '', '', 602, 3, 6, 1, 1, NULL),
(603, '380021500', 'ESCUELA N 4 ESTEBAN H. LEACH', '', '', 603, 4, 6, 1, 1, NULL),
(604, '380008800', 'ESCUELA N 28 PRESIDENTE AVELLANEDA', '', '', 604, 3, 6, 1, 1, NULL),
(605, '380000400', 'ESCUELA N 85 23 DE AGOSTO', '', '', 605, 3, 6, 1, 1, NULL),
(606, '380036500', 'ESCUELA NORMAL SUPERIOR SARGENTO JUAN BAUTISTA CABRAL', '', '', 606, 1, 6, 1, 1, NULL),
(607, '380080000', 'ESCUELA N 459', '', '', 607, 3, 6, 1, 1, NULL),
(608, '380024300', 'ESCUELA N 413 DRA ALICIA MOREAU DE JUSTO', '', '', 608, 4, 6, 1, 1, NULL),
(609, '380080100', 'ESCUELA N 460', '', '', 609, 3, 6, 1, 1, NULL),
(610, '380022400', 'ESCUELA N 393 TTE. GRAL. JORGE E CACERES MONIE', '', '', 610, 4, 6, 1, 1, NULL),
(611, '380095600', 'ESCUELA N 469', '', '', 611, 3, 6, 1, 1, NULL),
(612, '380004400', 'ESCUELA N 10 GRAL JOSE DE SAN MARTIN', '', '', 612, 3, 6, 1, 1, NULL),
(613, '380021800', 'ESCUELA N 50 OBISPO PADILLA', '', '', 613, 3, 6, 1, 1, NULL),
(614, '380053300', 'ESCUELA NORMAL SUPERIOR DR EDUARDO CASANOVA', '', '', 614, 2, 6, 1, 1, NULL),
(615, '380037400', 'ESCUELA NORMAL HEROES HUMAHUAQUEÑOS', '', '', 615, 2, 6, 1, 1, NULL),
(616, '380000200', 'ESCUELA N 396 DR ANTONIO ROCHA SOLORZANO', '', '', 616, 3, 6, 1, 1, NULL),
(617, '380042500', 'ESCUELA N 310 AERONAUTICA ARGENTINA', '', '', 617, 5, 6, 1, 1, NULL),
(618, '380013600', 'ESCUELA N 411 MAYOR ENRIQUE CARLOS LUTTERAL', '', '', 618, 3, 6, 1, 1, NULL),
(619, '380021600', 'ESCUELA N 414 ADOLFO KAPELUSZ', '', '', 619, 4, 6, 1, 1, NULL),
(620, '380035800', 'ESCUELA N 222', '', '', 620, 1, 6, 1, 1, NULL),
(621, '380042000', 'ESCUELA N 231 PROVINCIA DE CORRIENTES', '', '', 621, 5, 6, 1, 1, NULL),
(622, '380053400', 'ESCUELA N 431 ISABEL LA CATOLICA', '', '', 622, 3, 6, 1, 1, NULL),
(623, '380035900', 'ESCUELA NORMAL SUPERIOR GENDARMERIA NACIONAL', '', '', 623, 1, 6, 1, 1, NULL),
(624, '380078700', 'ESCUELA NORMAL SUPERIOR GRAL JOSE DE SAN MARTIN', '', '', 624, 4, 6, 1, 1, NULL),
(625, '380023600', 'ESCUELA NORMAL  GRAL. SAN MARTIN NIVEL PRIMARIO', '', '', 625, 5, 6, 1, 1, NULL),
(626, '380093400', 'ESCUELA N 468', '', '', 626, 3, 6, 1, 1, NULL),
(627, '380022500', 'ESCUELA N 217 AERONAUTICA ARGENTINA', '', '', 627, 4, 6, 1, 1, NULL),
(628, '380042400', 'ESCUELA N 138 PEDRO ORTIZ DE ZARATE', '', '', 628, 4, 6, 1, 1, NULL),
(629, '380045400', 'ESCUELA N 51 SANTA ROSA DE LIMA', '', '', 629, 3, 6, 1, 1, NULL),
(630, '380024400', 'ESCUELA N 201 SALVADOR CANUTO MARTINEZ', '', '', 630, 4, 6, 1, 1, NULL),
(631, '380027100', 'ESCUELA N 107 SAN MARTIN DE PORRES', '', '', 631, 5, 6, 1, 1, NULL),
(632, '380058400', 'ESCUELA N 440 BATALLA DE QUERA', '', '', 632, 1, 6, 1, 1, NULL),
(633, '380064800', 'ESCUELA N 447 REPUBLICA DE ITALIA', '', '', 633, 3, 6, 1, 1, NULL),
(634, '380005000', 'ESCUELA N 34 PEDRO JOSE PORTAL', '', '', 634, 3, 6, 1, 4, NULL),
(635, '380017300', 'ESCUELA N 204 CARMEN AVILA DE NAVERAN', '', '', 635, 3, 6, 1, 1, NULL),
(636, '380042100', 'ESCUELA N 57 MARTIN LEDESMA VALDERRAMA', '', '', 636, 5, 6, 1, 1, NULL),
(637, '380079900', 'ESCUELA BLAISE PASCAL', '', '', 637, 3, 6, 2, 1, NULL),
(638, '380062000', 'ESCUELA N 442 MAESTRO RICARDO VILCA', '', '', 638, 2, 6, 1, 1, NULL),
(639, '380053500', 'ESCUELA N 435 PROF. HUMBERTO JUSTO AGUERO', '', '', 639, 3, 6, 1, 1, NULL),
(640, '380003000', 'ESCUELA N 171 MONSEÑOR GERMAN MIGUEL MALLAGRAY', '', '', 640, 3, 6, 1, 1, NULL),
(641, '380023000', 'ESCUELA N 202 GRAL ENRIQUE MOSCONI', '', '', 641, 5, 6, 1, 1, NULL),
(642, '380002200', 'ESCUELA N 100 FRANCISCO DE ARGANARAZ', '', '', 642, 3, 6, 1, 1, NULL),
(643, '380042800', 'ESCUELA N 253 PROVINCIA DE CHACO', '', '', 643, 5, 6, 1, 1, NULL),
(644, '380008500', 'ESCUELA N 418 EVA PERON', '', '', 644, 3, 6, 1, 1, NULL),
(645, '380064400', 'ESCUELA N 444', '', '', 645, 3, 6, 1, 1, NULL),
(646, '380079500', 'ESCUELA N 457', '', '', 646, 4, 6, 1, 1, NULL),
(647, '380022300', 'ESCUELA N 203 SU SANTIDAD JUAN XXIII', '', '', 647, 4, 6, 1, 1, NULL),
(648, '380038400', 'ESCUELA N 438 EL LABRADOR', '', '', 648, 3, 6, 1, 1, NULL),
(649, '380008400', 'ESCUELA N 14 JUAN BAUTISTA ALBERDI', '', '', 649, 3, 6, 1, 1, NULL),
(650, '380064200', 'ESCUELA N 443 DR ROBERTO RUBEN DOMINGUEZ', '', '', 650, 4, 6, 1, 1, NULL),
(651, '380066700', 'ESCUELA N 452 LEGADO BELGRANIANO', '', '', 651, 3, 6, 1, 1, NULL),
(652, '380043100', 'ESCUELA N 77 BERNARDINO RIVADAVIA', '', '', 652, 2, 6, 1, 1, NULL),
(653, '380053900', 'ESCUELA N 112 CORONEL MANUEL DORREGO', '', '', 653, 5, 6, 1, 1, NULL),
(654, '380015400', 'ESCUELA N 412 INGENIERO CARLOS SNOPEK', '', '', 654, 3, 6, 1, 1, NULL),
(655, '380008100', 'ESCUELA N 360 DR TEODORO SANCHEZ DE BUSTAMANTE', '', '', 655, 3, 6, 1, 1, NULL),
(656, '380039700', 'ESCUELA NUEVA N 392 SAN JUAN BAUTISTA DE LA SALLE', '', '', 656, 3, 6, 1, 1, NULL),
(657, '380097600', 'ESCUELA N 470 BARTOLINA SISA', '', '', 657, 3, 6, 1, 1, NULL),
(658, '380043500', 'ESCUELA N 407 PROF. PABLO ARROYO', '', '', 658, 3, 6, 1, 1, NULL),
(659, '380052100', 'ESCUELA N 404 DOMITILA CHOLELE', '', '', 659, 1, 6, 1, 1, NULL),
(660, '380043600', 'ESCUELA N 415 CONFEDERACION GENERAL DEL TRABAJO (CGT)', '', '', 660, 3, 6, 1, 1, NULL),
(661, '380017000', 'ESCUELA PRIMARIA N 434 MINERO JUJE?O', '', '', 661, 3, 6, 1, 1, NULL),
(662, '380082000', 'ESCUELA N 461 BICENTENARIO DE LA PATRIA', '', '', 662, 3, 6, 1, 1, NULL),
(663, '380007200', 'ESCUELA N 255 PUCARITA', '', '', 663, 3, 6, 1, 1, NULL),
(664, '380022600', 'ESCUELA N 281 PROVINCIA DE SANTIAGO DEL ESTERO', '', '', 664, 4, 6, 1, 1, NULL),
(665, '380024000', 'ESCUELA N 311 BERNARDINO RIVADAVIA', '', '', 665, 5, 6, 1, 1, NULL),
(666, '380040300', 'ESCUELA N 224 NUESTRA SRA. DEL ROSARIO', '', '', 666, 3, 6, 1, 1, NULL),
(667, '380006200', 'ESCUELA N 79 DR ESTANISLAO SEVERO ZEBALLOS', '', '', 667, 3, 6, 1, 1, NULL),
(668, '380008000', 'ESCUELA N 110 MONSEÑOR MIGUEL ANGEL VERGARA', '', '', 668, 3, 6, 1, 1, NULL),
(669, '380035700', 'ESCUELA N 86 HIPOLITO IRIGOYEN', '', '', 669, 1, 6, 1, 1, NULL),
(670, '380043800', 'ESCUELA N 223 ARZOBISPO JOSE MARIANO ROQUE MENDIZABAL', '', '', 670, 3, 6, 1, 1, NULL),
(671, '380007100', 'ESCUELA N 388 JUAN GALO LAVALLE', '', '', 671, 3, 6, 1, 1, NULL),
(672, '380043900', 'ESCUELA N 257 PROVINCIA DE CORDOBA', '', '', 672, 3, 6, 1, 1, NULL),
(673, '380022100', 'ESCUELA N 38 JUANITA STEVENS', '', '', 673, 3, 6, 1, 1, NULL),
(674, '380023800', 'ESCUELA N 213 MARTIN RAUL GALAN', '', '', 674, 5, 6, 1, 1, NULL),
(675, '380063500', 'ESCUELA PRIMARIA N 441 JESUS MAESTRO', '', '', 675, 3, 6, 1, 1, NULL),
(676, '380017500', 'ESCUELA N 207 GRAL. DE BRIGADA ARMANDO PEDRO PIO MARTIJENA', '', '', 676, 3, 6, 1, 1, NULL),
(677, '380024200', 'ESCUELA N 2 DOMINGO TEOFILO PEREZ', '', '', 677, 4, 6, 1, 1, NULL),
(678, '380012400', 'ESCUELA N 147 REG. 20 DE INFANTERIA DE MONTAÑA', '', '', 678, 3, 6, 1, 1, NULL),
(679, '380041100', 'ESCUELA N 3 ENRIQUE WOLLMANN', '', '', 679, 5, 6, 1, 1, NULL),
(680, '380044900', 'ESCUELA N 95 ALTE. GUILLERMO BROWN', '', '', 680, 4, 6, 1, 1, NULL),
(681, '380044100', 'ESCUELA N 144 VICTOR MERCANTE', '', '', 681, 3, 6, 1, 1, NULL),
(682, '380002500', 'ESCUELA NORMAL JUAN IGNACIO GORRITI', '', '', 682, 3, 6, 1, 1, NULL),
(683, '380009800', 'ESCUELA N 6 DR. JOAQUIN CARRILLO', '', '', 683, 3, 6, 1, 1, NULL),
(684, '380003300', 'ESCUELA N 12 BERNARDO MONTEAGUDO', '', '', 684, 3, 6, 1, 1, NULL),
(685, '380003400', 'ESCUELA N 1 GRAL MANUEL BELGRANO', '', '', 685, 3, 6, 1, 1, NULL),
(686, '380053600', 'ESCUELA N 405 BRIGADIER JUAN MANUEL DE ROSAS', '', '', 686, 3, 6, 1, 1, NULL),
(687, '380027000', 'ESCUELA N 261 PROVINCIA DE TUCUMAN', '', '', 687, 5, 6, 1, 1, NULL),
(688, '380093600', 'COLEGIO NUEVO HORIZONTE N 1', '', '', 688, 3, 6, 3, 1, NULL),
(689, '380036000', 'ESCUELA N 245 JUAN XXIII', '', '', 689, 1, 6, 1, 1, NULL);
INSERT INTO `escuela` (`id_escuela`, `cue`, `nombre`, `telefono`, `email`, `id_domicilio`, `id_region`, `id_nivel`, `id_sector`, `id_ambito`, `id_persona`) VALUES
(690, '380042700', 'ESCUELA PRIMARIA N 427 JUAN JOSE PASO', '', '', 690, 5, 6, 1, 1, NULL),
(691, '380017700', 'ESCUELA N 7 DOMINGO FAUSTINO SARMIENTO', '', '', 691, 2, 6, 1, 1, NULL),
(692, '380096501', 'COLEGIO PRIVADO LOS OLIVOS', '', '', 692, 4, 6, 2, 1, NULL),
(693, '380092502', 'ESCUELA SECUNDARIA RURAL N 1 - NORMENTA', '', '', 693, 5, 8, 1, 2, NULL),
(694, '380094205', 'ESCUELA SECUNDARIA RURAL N 2 - CHORCAN', '', '', 694, 2, 8, 1, 4, NULL),
(695, '380094213', 'ESCUELA SECUNDARIA RURAL N 2 - LAS ESCALERAS', '', '', 695, 3, 8, 1, 4, NULL),
(696, '380100003', 'ESCUELA SECUNDARIA RURAL N 3 SAN JUAN DE MISA RUMI', '', '', 696, 1, 8, 1, 3, NULL),
(697, '380092511', 'ESCUELA SECUNDARIA RURAL N 1 - LIVIARA', '', '', 697, 1, 8, 1, 2, NULL),
(698, '380094202', 'ESCUELA SECUNDARIA RURAL N 2 - APARZO', '', '', 698, 2, 8, 1, 4, NULL),
(699, '380092503', 'ESCUELA SECUNDARIA RURAL N 1 - SANTO DOMINGO', '', '', 699, 1, 8, 1, 2, NULL),
(700, '380092507', 'ESCUELA SECUNDARIA RURAL N 1 - QUEBRALEÑA', '', '', 700, 1, 8, 1, 2, NULL),
(701, '380094201', 'ESCUELA SECUNDARIA RURAL N 2 - CIANZO', '', '', 701, 2, 8, 1, 4, NULL),
(702, '380094209', 'ESCUELA SECUNDARIA RURAL N 2 - OLAROZ CHICO', '', '', 702, 3, 8, 1, 4, NULL),
(703, '380100006', 'ESCUELA SECUNDARIA RURAL N 3 RODERO', '', '', 703, 2, 8, 1, 3, NULL),
(704, '380094203', 'ESCUELA SECUNDARIA RURAL N 2 - PALCA DE APARZO', '', '', 704, 2, 8, 1, 4, NULL),
(705, '380100004', 'ESCUELA SECUNDARIA RURAL N 3 CASA COLORADA', '', '', 705, 1, 8, 1, 3, NULL),
(706, '380092506', 'ESCUELA SECUNDARIA RURAL N 1 - PAICONE', '', '', 706, 1, 8, 1, 4, NULL),
(707, '380092509', 'ESCUELA SECUNDARIA RURAL N 1 - VALLE COLORADO', '', '', 707, 5, 8, 1, 2, NULL),
(708, '380092504', 'ESCUELA SECUNDARIA RURAL N 1 - LOMA BLANCA', '', '', 708, 1, 8, 1, 2, NULL),
(709, '380092510', 'ESCUELA SECUNDARIA RURAL N 1 - PAMPICHUELA', '', '', 709, 5, 8, 1, 2, NULL),
(710, '380099900', 'COLEGIO SECUNDARIO N 63', '', '', 710, 1, 8, 1, 1, NULL),
(711, '380094204', 'ESCUELA SECUNDARIA RURAL N 2 - VALIAZO', '', '', 711, 2, 8, 1, 4, NULL),
(712, '380094214', 'ESCUELA SECUNDARIA RURAL N 2 - LA ALMONA', '', '', 712, 3, 8, 1, 4, NULL),
(713, '380094208', 'ESCUELA SECUNDARIA RURAL N 2 - AGUA DE CASTILLA', '', '', 713, 1, 8, 1, 4, NULL),
(714, '380094207', 'ESCUELA SECUNDARIA RURAL N 2 - VIZCARRA', '', '', 714, 2, 8, 1, 4, NULL),
(715, '380080600', 'COLEGIO SECUNDARIO N 19', '', '', 715, 1, 8, 1, 4, NULL),
(716, '380092900', 'COLEGIO SECUNDARIO N 55', '', '', 716, 1, 8, 1, 2, NULL),
(717, '380094210', 'ESCUELA SECUNDARIA RURAL N 2 - EL TORO', '', '', 717, 3, 8, 1, 4, NULL),
(718, '380092508', 'ESCUELA SECUNDARIA RURAL N 1 - HUANCAR', '', '', 718, 3, 8, 1, 4, NULL),
(719, '380098900', 'ESCUELA TECNICA PROVINCIAL N 2', '', '', 719, 3, 8, 1, 2, NULL),
(720, '380082600', 'COLEGIO SECUNDARIO DE ARTES N 30', '', '', 720, 1, 8, 1, 4, NULL),
(721, '380090300', 'COLEGIO SECUNDARIO N 51', '', '', 721, 3, 8, 1, 4, NULL),
(722, '380094211', 'ESCUELA SECUNDARIA RURAL N 2 - LAGUNA DE TESORERO', '', '', 722, 2, 8, 1, 4, NULL),
(723, '380100001', 'ESCUELA SECUNDARIA RURAL N 3 CANGREJILLOS', '', '', 723, 1, 8, 1, 3, NULL),
(724, '380082200', 'COLEGIO SECUNDARIO N 28', '', '', 724, 2, 8, 1, 4, NULL),
(725, '380092501', 'ESCUELA SECUNDARIA RURAL N 1 - LOBATON', '', '', 725, 4, 8, 1, 4, NULL),
(726, '380090000', 'COLEGIO SECUNDARIO N 50', '', '', 726, 3, 8, 1, 4, NULL),
(727, '380077000', 'COLEGIO SECUNDARIO N 12', '', '', 727, 1, 8, 1, 4, NULL),
(728, '380075200', 'COLEGIO SECUNDARIO N 8', '', '', 728, 1, 8, 1, 4, NULL),
(729, '380075400', 'COLEGIO DE NIVEL SECUNDARIO N 10', '', '', 729, 1, 8, 1, 4, NULL),
(730, '380078000', 'COLEGIO SECUNDARIO N 18', '', '', 730, 1, 8, 1, 4, NULL),
(731, '380084900', 'COLEGIO SECUNDARIO N 40', '', '', 731, 4, 8, 1, 4, NULL),
(732, '380085600', 'COLEGIO SECUNDARIO N 44', '', '', 732, 2, 8, 1, 2, NULL),
(733, '380095400', 'COLEGIO SECUNDARIO N 57', '', '', 733, 2, 8, 1, 2, NULL),
(734, '380077900', 'COLEGIO SECUNDARIO N 17', '', '', 734, 1, 8, 1, 4, NULL),
(735, '380080300', 'COLEGIO SECUNDARIO N 21', '', '', 735, 5, 8, 1, 4, NULL),
(736, '380080500', 'COLEGIO SECUNDARIO N 22', '', '', 736, 1, 8, 1, 4, NULL),
(737, '380081000', 'COLEGIO SECUNDARIO N 23 DR RENE GERONIMO FAVALORO', '', '', 737, 3, 8, 1, 4, NULL),
(738, '380064000', 'ESCUELA PROVINCIAL AGROTECNICA N 9', '', '', 738, 3, 8, 1, 4, NULL),
(739, '380077300', 'COLEGIO SECUNDARIO N 13', '', '', 739, 3, 8, 1, 4, NULL),
(740, '380075300', 'COLEGIO DE NIVEL SECUNDARIO N 9', '', '', 740, 1, 8, 1, 4, NULL),
(741, '380080700', 'ESCUELA PROVINCIAL AGROTECNICA N 15', '', '', 741, 1, 8, 1, 4, NULL),
(742, '380077100', 'COLEGIO DE NIVEL SECUNDARIO N 11', '', '', 742, 1, 8, 1, 2, NULL),
(743, '380084800', 'COLEGIO SECUNDARIO N 39', '', '', 743, 3, 8, 1, 4, NULL),
(744, '380083800', 'COLEGIO SECUNDARIO N 31', '', '', 744, 2, 8, 1, 4, NULL),
(745, '380086300', 'COLEGIO SECUNDARIO N 46 ROSARIO DEL RIO GRANDE', '', '', 745, 4, 8, 1, 2, NULL),
(746, '380082400', 'COLEGIO SECUNDARIO N 26', '', '', 746, 2, 8, 1, 2, NULL),
(747, '380077500', 'ESCUELA PROVINCIAL AGROTECNICA N 14', '', '', 747, 1, 8, 1, 4, NULL),
(748, '380081100', 'COLEGIO SECUNDARIO N 20', '', '', 748, 3, 8, 1, 4, NULL),
(749, '380037700', 'BACHILLERATO PROVINCIAL N 12 AVELINO BAZAN', '', '', 749, 2, 8, 1, 1, NULL),
(750, '380058600', 'ESCUELA PROVINCIAL AGROTECNICA N 12', '', '', 750, 4, 8, 1, 2, NULL),
(751, '380079700', 'COLEGIO SECUNDARIO CANONIGO GORRITI', '', '', 751, 3, 8, 2, 1, NULL),
(752, '380020300', 'ESCUELA PROVINCIAL AGROTECNICA N 13', '', '', 752, 5, 8, 1, 2, NULL),
(753, '380084600', 'COLEGIO SECUNDARIO N 37', '', '', 753, 4, 8, 1, 2, NULL),
(754, '380063600', 'ESCUELA PROVINCIAL AGROTECNICA N 10', '', '', 754, 2, 8, 1, 4, NULL),
(755, '380063301', 'COLEGIO EVANGELICO CRISTO REY', '', '', 755, 3, 8, 2, 1, NULL),
(756, '380086200', 'COLEGIO SECUNDARIO N 45', '', '', 756, 3, 8, 1, 2, NULL),
(757, '380091400', 'COLEGIO SECUNDARIO N 52', '', '', 757, 4, 8, 1, 1, NULL),
(758, '380034900', 'BACHILLERATO PROVINCIAL N 18 PROF. HECTOR HUGO CAZON', '', '', 758, 3, 8, 1, 2, NULL),
(759, '380034600', 'COLEGIO N 1 VIRGEN DE PUNTA CORRAL', '', '', 759, 3, 8, 1, 2, NULL),
(760, '380095300', 'COLEGIO SECUNDARIO N 56', '', '', 760, 3, 8, 1, 1, NULL),
(761, '380089900', 'COLEGIO SECUNDARIO DE ARTES N 49', '', '', 761, 2, 8, 1, 1, NULL),
(762, '380097300', 'COLEGIO SECUNDARIO N 60', '', '', 762, 4, 8, 1, 1, NULL),
(763, '380102600', 'COLEGIO SECUNDARIO N 64', '', '', 763, 3, 8, 1, 1, NULL),
(764, '380011900', 'BACHILLERATO PROVINCIAL N 19 PROF. CLAUDIA GRACIELA ALONSO', '', '', 764, 3, 8, 1, 2, NULL),
(765, '380012500', 'COLEGIO PRIVADO NUEVA GENERACION', '', '', 765, 3, 8, 2, 1, NULL),
(766, '380058900', 'BACHILLERATO PROVINCIAL N 24', '', '', 766, 3, 8, 1, 2, NULL),
(767, '380085000', 'COLEGIO SECUNDARIO N 41', '', '', 767, 3, 8, 1, 4, NULL),
(768, '380037900', 'BACHILLERATO PROVINCIAL N 25 GERMAN WALTER CHURQUI CHOQUEVILCA', '', '', 768, 2, 8, 1, 1, NULL),
(769, '380085200', 'COLEGIO SECUNDARIO DE ARTES N 42', '', '', 769, 3, 8, 1, 1, NULL),
(770, '380084200', 'COLEGIO SECUNDARIO N 33', '', '', 770, 3, 8, 1, 1, NULL),
(771, '380000600', 'COLEGIO PRIVADO PABLO PIZZURNO -NIVEL SECUNDARIO-', '', '', 771, 3, 8, 2, 1, NULL),
(772, '380018700', 'ESCUELA PROVINCIAL AGROTECNICA N 3 CORONEL ARIAS', '', '', 772, 2, 8, 1, 1, NULL),
(773, '380046500', 'ESCUELA PROVINCIAL AGROTECNICA N 6', '', '', 773, 4, 8, 1, 2, NULL),
(774, '380082700', 'COLEGIO SECUNDARIO N 29', '', '', 774, 4, 8, 1, 2, NULL),
(775, '380092300', 'ESCUELA PROVINCIAL AGROTECNICA N 8', '', '', 775, 1, 8, 1, 1, NULL),
(776, '380084400', 'COLEGIO SECUNDARIO N 35', '', '', 776, 3, 8, 1, 2, NULL),
(777, '380082500', 'COLEGIO SECUNDARIO N 27', '', '', 777, 5, 8, 1, 4, NULL),
(778, '380084700', 'COLEGIO SECUNDARIO N 38', '', '', 778, 3, 8, 1, 4, NULL),
(779, '380102700', 'COLEGIO SECUNDARIO N 65', '', '', 779, 5, 8, 1, 1, NULL),
(780, '380016300', 'ESCUELA PROVINCIAL AGROTECNICA N 1 EL BRETE', '', '', 780, 3, 8, 1, 4, NULL),
(781, '380020000', 'ESCUELA PROVINCIAL AGROTECNICA N 11', '', '', 781, 5, 8, 1, 2, NULL),
(782, '380012600', 'COLEGIO LOS LAPACHOS', '', '', 782, 3, 8, 2, 1, NULL),
(783, '380010300', 'BACHILLERATO PROVINCIAL N 17', '', '', 783, 3, 8, 1, 2, NULL),
(784, '380037500', 'ESCUELA DE EDUCACION TECNICA N 1', '', '', 784, 2, 8, 1, 1, NULL),
(785, '380021900', 'INSTITUTO PRIVADO SECUNDARIO LATINOAMERICANO', '', '', 785, 3, 8, 2, 1, NULL),
(786, '380093000', 'COLEGIO SECUNDARIO N 54', '', '', 786, 3, 8, 1, 1, NULL),
(787, '380040900', 'INSTITUTO FASTA N 12 INGENIERO JOSE MARIA PAZ', '', '', 787, 5, 8, 2, 1, NULL),
(788, '380089400', 'COLEGIO SECUNDARIO N 48', '', '', 788, 3, 8, 1, 1, NULL),
(789, '380092200', 'COLEGIO SECUNDARIO DE ARTES N 53', '', '', 789, 3, 8, 1, 1, NULL),
(790, '380081200', 'COLEGIO SECUNDARIO N 25', '', '', 790, 2, 8, 1, 1, NULL),
(791, '380059100', 'COLEGIO MAYOR JUJUY', '', '', 791, 3, 8, 2, 1, NULL),
(792, '380048700', 'COLEGIO CATOLICO JESUS MAESTRO', '', '', 792, 4, 8, 2, 1, NULL),
(793, '380021300', 'BACHILLERATO PROVINCIAL N 11 MONSENOR SIXTO VILLOLDO', '', '', 793, 4, 8, 1, 1, NULL),
(794, '380084300', 'COLEGIO SECUNDARIO N 34', '', '', 794, 3, 8, 1, 1, NULL),
(795, '380023200', 'BACHILLERATO PROVINCIAL N 9 SAN FRANSISCO DE ASIS', '', '', 795, 5, 8, 1, 1, NULL),
(796, '380002100', 'BACHILLERATO PROVINCIAL N 15 LEGISLATURA DE LA PROVINCIA DE JUJUY', '', '', 796, 3, 8, 1, 1, NULL),
(797, '380092400', 'ESCUELA DE EDUCACION TECNICA N 1', '', '', 797, 3, 8, 1, 1, NULL),
(798, '380015800', 'BACHILLERATO PROVINCIAL N 16 PASO DE JAMA', '', '', 798, 3, 8, 1, 1, NULL),
(799, '380006500', 'EMDEI SRL ESCUELA MODELO DE EDUCACION INTEGRAL', '', '', 799, 3, 8, 2, 1, NULL),
(800, '380055000', 'ESCUELA PROVINCIAL AGROTECNICA N 2 ING CARLOS SNOPEK', '', '', 800, 4, 8, 1, 1, NULL),
(801, '380040400', 'COLEGIO PRIVADO NUESTRA SEÑORA DE LAS MERCED', '', '', 801, 3, 8, 2, 1, NULL),
(802, '380084100', 'COLEGIO SECUNDARIO N 32 RENE GERONIMO FAVALORO', '', '', 802, 3, 8, 1, 1, NULL),
(803, '380095100', 'COLEGIO NUEVO HORIZONTE N 2 - SAN VICENTE DE MONTERRICO', '', '', 803, 3, 8, 3, 1, NULL),
(804, '380042200', 'BACHILLERATO PROVINCIAL N 7 Ar. CARLOS ALBERTO ALVARADO', '', '', 804, 5, 8, 1, 1, NULL),
(805, '380008600', 'COLEGIO SECUNDARIO INFORMATICO BLAISE PASCAL', '', '', 805, 3, 8, 2, 1, NULL),
(806, '380066100', 'COLEGIO SECUNDARIO N 5', '', '', 806, 3, 8, 1, 1, NULL),
(807, '380041200', 'ESCUELA PROVINCIAL DE ARTES N 3 LOLA MORA', '', '', 807, 5, 8, 1, 1, NULL),
(808, '380004500', 'BACHILLERATO PROVINCIAL N 20', '', '', 808, 3, 8, 1, 2, NULL),
(809, '380066500', 'COLEGIO SECUNDARIO N 6', '', '', 809, 3, 8, 1, 1, NULL),
(810, '380077700', 'COLEGIO SECUNDARIO N 15 PADRE MIGUEL ANGEL AQUINO', '', '', 810, 4, 8, 1, 1, NULL),
(811, '380041000', 'ESCUELA PROVINCIAL AGROTECNICA N 4', '', '', 811, 5, 8, 1, 1, NULL),
(812, '380021400', 'COLEGIO SECUNDARIO PROVINCIA DE MISIONES', '', '', 812, 4, 8, 1, 1, NULL),
(813, '380084500', 'COLEGIO SECUNDARIO N 36', '', '', 813, 3, 8, 1, 1, NULL),
(814, '380089300', 'COLEGIO SECUNDARIO N 47', '', '', 814, 5, 8, 1, 1, NULL),
(815, '380077800', 'COLEGIO SECUNDARIO N 14', '', '', 815, 4, 8, 1, 1, NULL),
(816, '380022900', 'ESCUELA PROVINCIAL DE COMERCIO N 7 SAN MARCELINO CHAMPAG?AT', '', '', 816, 4, 8, 1, 1, NULL),
(817, '380078600', 'ESCUELA NORMAL SUPERIOR DR EDUARDO CASANOVA', '', '', 817, 2, 8, 1, 1, NULL),
(818, '380004700', 'ESCUELA PROVINCIAL AGROTECNICA N 7', '', '', 818, 3, 8, 1, 1, NULL),
(819, '380080800', 'ESCUELA PROVINCIAL AGROTECNICA N 5', '', '', 819, 5, 8, 1, 1, NULL),
(820, '380085300', 'COLEGIO SECUNDARIO N 43', '', '', 820, 3, 8, 1, 1, NULL),
(821, '380078500', 'ESCUELA NORMAL REPUBLICA DE BOLIVIA', '', '', 821, 2, 8, 1, 1, NULL),
(822, '380009300', 'BACHILLERATO PROVINCIAL N 21', '', '', 822, 3, 8, 1, 1, NULL),
(823, '380074400', 'COLEGIO SECUNDARIO N 7 MAESTRO MARIO HUMBERTO PEREZ', '', '', 823, 3, 8, 1, 1, NULL),
(824, '380044700', 'BACHILLERATO PROVINCIAL N 10 FRANCISCO LUNA', '', '', 824, 4, 8, 1, 1, NULL),
(825, '380004300', 'ESCUELA PROVINCIAL DE ARTES N 1 MEDARDO PANTOJA', '', '', 825, 3, 8, 1, 1, NULL),
(826, '380007400', 'ESCUELA DE COMERCIO N 1 SDOR DOMINGO TEOFILO PEREZ', '', '', 826, 3, 8, 1, 2, NULL),
(827, '380009400', 'COLEGIO N 2 ARMADA ARGENTINA', '', '', 827, 3, 8, 1, 1, NULL),
(828, '380016900', 'BACHILLERATO PROVINCIAL N 22 HEROES DE MALVINAS', '', '', 828, 3, 8, 1, 1, NULL),
(829, '380009200', 'BACHILLERATO PROVINCIAL N 2 GOBERNADOR BENJAMIN VILLAFA?E', '', '', 829, 3, 8, 1, 1, NULL),
(830, '380013400', 'COLEGIO SECUNDARIO N 1 CRUCERO GENERAL BELGRANO', '', '', 830, 3, 8, 1, 1, NULL),
(831, '380030800', 'ESCUELA DE EDUCACION TECNICA N 1', '', '', 831, 1, 8, 1, 1, NULL),
(832, '380016200', 'ESCUELA TECNICA PROVINCIAL N 1 ARISTOBULO VARGAS BELMONTE', '', '', 832, 3, 8, 1, 1, NULL),
(833, '380023400', 'ESCUELA PROVINCIAL DE COMERCIO N 5', '', '', 833, 5, 8, 1, 1, NULL),
(834, '380007800', 'ESCUELA TECNICA N 1 MAESTRO HUMBERTO SAMUEL LUNA', '', '', 834, 3, 8, 1, 1, NULL),
(835, '380055900', 'COLEGIO SECUNDARIO N 2 FRANCISCA TRIGUERO DE ROCHA SOLORZANO', '', '', 835, 3, 8, 1, 1, NULL),
(836, '380035600', 'ESCUELA DE EDUCACION TECNICA N 1 GRAL MANUEL BELGRANO', '', '', 836, 2, 8, 1, 1, NULL),
(837, '380040800', 'COLEGIO NACIONAL N 3 EXODO JUJEÑO', '', '', 837, 3, 8, 1, 1, NULL),
(838, '380002400', 'CENTRO POLIVALENTE DE ARTE PROF. LUIS ALBERTO MARTINEZ', '', '', 838, 3, 8, 1, 1, NULL),
(839, '380043700', 'COLEGIO N 1 DOMINGO FAUSTINO SARMIENTO', '', '', 839, 3, 8, 1, 1, NULL),
(840, '380078900', 'ESCUELA NORMAL SUPERIOR GENERAL SAN MARTIN', '', '', 840, 5, 8, 1, 1, NULL),
(841, '380009000', 'BACHILLERATO PROVINCIAL N 6 ISLAS MALVINAS', '', '', 841, 3, 8, 1, 1, NULL),
(842, '380044500', 'ESCUELA DE MINAS DR. HORACIO CARRILLO', '', '', 842, 3, 8, 1, 1, NULL),
(843, '380044200', 'ESCUELA DE EDUCACION TECNICA N 1 CNEL MANUEL ALVAREZ PRADO', '', '', 843, 4, 8, 1, 1, NULL),
(844, '380078300', 'ESCUELA NORMAL SUPERIOR GENDARMERIA NACIONAL', '', '', 844, 1, 8, 1, 1, NULL),
(845, '380078400', 'ESCUELA NORMAL SUPERIOR SARGENTO JUAN BAUTISTA CABRAL', '', '', 845, 1, 8, 1, 1, NULL),
(846, '380074200', 'ESCUELA NORMAL SUPERIOR JUAN IGNACIO GORRITI', '', '', 846, 3, 8, 1, 1, NULL),
(847, '380002800', 'ESCUELA DE EDUCACION TECNICA N 2 PROF JESUS RAUL SALAZAR', '', '', 847, 3, 8, 1, 1, NULL),
(848, '380001700', 'COLEGIO N 1 TEODORO SANCHEZ DE BUSTAMANTE', '', '', 848, 3, 8, 1, 1, NULL),
(849, '380013200', 'ESCUELA DE EDUCACION TECNICA N 1 GRAL SAVIO', '', '', 849, 3, 8, 1, 1, NULL),
(850, '380078800', 'ESCUELA NORMAL SUPERIOR GRAL JOSE DE SAN MARTIN', '', '', 850, 4, 8, 1, 1, NULL),
(851, '380035400', 'COLEGIO TECNICO INGENIERO HERMINIO ARRIETA', '', '', 851, 5, 8, 2, 1, NULL),
(852, '380009100', 'ESCUELA DE EDUCACION TECNICA N 1 ESCOLASTICO ZEGADA', '', '', 852, 3, 8, 1, 1, NULL),
(853, '380035300', 'ESCUELA PROVINCIAL DE COMERCIO N 4 25 DE FEBRERO', '', '', 853, 5, 8, 1, 1, NULL),
(854, '380003200', 'ESCUELA DE COMERCIO N 2 MALVINAS ARGENTINAS', '', '', 854, 3, 8, 1, 1, NULL),
(855, '380046700', 'ESCUELA DE EDUCACION TECNICA N 1 ING LUIS MICHAUD', '', '', 855, 3, 8, 1, 1, NULL),
(856, '380048900', 'BACHILLERATO PROVINCIAL N 4 ARMADA ARGENTINA', '', '', 856, 4, 8, 1, 1, NULL),
(857, '380002700', 'ESCUELA PROVINCIAL DE COMERCIO N 3 JOSE MANUEL ESTRADA', '', '', 857, 3, 8, 1, 1, NULL),
(858, '380039100', 'BACHILLERATO PROVINCIAL N 5 OCTAVIO FEDERICO BERNIS', '', '', 858, 4, 8, 1, 1, NULL),
(859, '380002600', 'ESCUELA DE COMERCIO N 1 PROF. JOSE ANTONIO CASAS', '', '', 859, 3, 8, 1, 1, NULL),
(860, '380015500', 'ESCUELA DE COMERCIO N 2  27 DE ABRIL DIA GRANDE DE JUJUY', '', '', 860, 3, 8, 1, 1, NULL),
(861, '380045300', 'ESCUELA PROVINCIAL DE COMERCIO N 1 PROF CARLOS EUSEBIO IBARRA', '', '', 861, 3, 8, 1, 1, NULL),
(862, '380036300', 'ESCUELA DE COMERCIO N 1  REPUBLICA ARGENTINA', '', '', 862, 1, 8, 1, 1, NULL),
(863, '380016800', 'ESCUELA PROVINCIAL DE COMERCIO N 2 DR. MANUEL BELGRANO', '', '', 863, 3, 8, 1, 1, NULL),
(864, '380082800', 'COLEGIO NUEVO HORIZONTE N 1', '', '', 864, 3, 8, 3, 1, NULL),
(865, '380040500', 'BACHILLERATO PROVINCIAL N 3 DR. CARLOS MARCELO QUEVEDO CORNEJO', '', '', 865, 3, 8, 1, 1, NULL),
(866, '380022200', 'ESCUELA DE COMERCIO N 1 DR JOSE INGENIEROS', '', '', 866, 4, 8, 1, 1, NULL),
(867, '380040100', 'ESCUELA DE COMERCIO N 1 JOSE MANUEL ESTRADA', '', '', 867, 3, 8, 1, 1, NULL),
(868, '380097700', 'COLEGIO SECUNDARIO N 59 OLGA MARQUEZ DE AREDEZ ', '', '', 868, 3, 8, 1, 1, NULL),
(869, '380065500', 'COLEGIO POLIMODAL N 1', '', '', 869, 1, 9, 1, 4, NULL),
(870, '380050400', 'CENTRO POLIVALENTE DE ARTE N 2', '', '', 870, 4, 9, 1, 1, NULL),
(871, '380073000', 'COLEGIO POLIMODAL N 7', '', '', 871, 1, 9, 1, 4, NULL),
(872, '380065700', 'COLEGIO POLIMODAL N 5', '', '', 872, 2, 9, 1, 2, NULL),
(873, '380065600', 'COLEGIO POLIMODAL N 4', '', '', 873, 1, 9, 1, 4, NULL),
(874, '380042600', 'BACHILLERATO PROVINCIAL N 8 SALVADOR MAZZA', '', '', 874, 5, 9, 1, 1, NULL),
(875, '380065300', 'COLEGIO POLIMODAL N 2', '', '', 875, 1, 9, 1, 1, NULL),
(876, '380066000', 'COLEGIO POLIMODAL N 6  COMANDANTE BERNARDO JIMENEZ', '', '', 876, 3, 9, 1, 2, NULL),
(877, '380044300', 'BACHILLERATO PROVINCIAL N 14 JUAN MINETTI', '', '', 877, 3, 9, 1, 2, NULL),
(878, '380041500', 'BACHILLERATO PROVINCIAL N 1 GOB I. ALBERTO JOSE ITURBE', '', '', 878, 5, 9, 1, 1, NULL),
(879, '380051900', 'BACHILLERATO PROVINCIAL N 13 COMANDANTE LUIS PIEDRABUENA', '', '', 879, 3, 9, 1, 2, NULL),
(880, '380065100', 'COLEGIO POLIMODAL N 3', '', '', 880, 3, 9, 1, 1, NULL),
(881, '380062100', 'COLEGIO SECUNDARIO N 3 SAN JOSE', '', '', 881, 3, 9, 1, 1, NULL),
(882, '380043000', 'COLEGIO POLIMODAL N 8 JUANA AZURDUY', '', '', 882, 2, 9, 1, 1, NULL),
(883, '380021200', 'ESCUELA DE EDUCACION TECNICA N 2 DR HORACIO GUZMAN', '', '', 883, 4, 9, 1, 1, NULL),
(884, '380043400', 'COLEGIO SECUNDARIO N 62 SAN JUAN BAUTISTA DE LA SALLE', '', '', 884, 3, 9, 1, 1, NULL),
(885, '380024100', 'ESCUELA PROVINCIAL DE COMERCIO N 6 GRAL. MANUEL BELGRANO', '', '', 885, 5, 9, 1, 1, NULL),
(886, '380095900', 'INSTITUTO TECNOLOGICO PETROLERO ING. JULIO KRAUSE', '', '', 886, 3, 26, 2, 1, NULL),
(887, '380098400', 'INSTITUTO TECNICO PROFESIONAL SAN EXPEDITO', '', '', 887, 3, 26, 2, 1, NULL),
(888, '380073700', 'INSTITUTO SUPERIOR BALCER', '', '', 888, 3, 26, 2, 1, NULL),
(889, '380054301', 'INSTITUTO DE EDUCACION SUPERIOR N 3', '', '', 889, 3, 26, 1, 2, NULL),
(890, '380045802', 'INSTITUTO DE EDUCACION SUPERIOR N 9', '', '', 890, 4, 26, 1, 1, NULL),
(891, '380035203', 'INSTITUTO DE EDUCACION SUPERIOR N 10', '', '', 891, 5, 26, 1, 1, NULL),
(892, '380081300', 'INSTITUTO DE EDUCACION SUPERIOR DEPOR TEA JUJUY', '', '', 892, 3, 26, 2, 1, NULL),
(893, '380094800', 'INSTITUTO SUPERIOR MANUEL BELGRANO DE TECNICO DENTAL', '', '', 893, 3, 26, 2, 1, NULL),
(894, '380081401', 'INSTITUTO DE EDUCACION SUPERIOR EN FORMACION CAPACITACI?N Y SUP. LIC. MYRIAM B. GLOSS', '', '', 894, 4, 26, 2, 1, NULL),
(895, '380094900', 'INSTITUTO SUPERIOR SAN GREGORIO', '', '', 895, 4, 26, 2, 1, NULL),
(896, '380079100', 'INSTITUTO DE EDUCACION SUPERIOR DR. GUILLERMO EUGENIO SNOPEK', '', '', 896, 3, 26, 2, 1, NULL),
(897, '380081402', 'INSTITUTO DE EDUCACION SUPERIOR EN FORMACION CAPACITACION Y SUP. LIC. MYRIAM B. GLOSS', '', '', 897, 1, 26, 2, 1, NULL),
(898, '380058201', 'INSTITUTO DE EDUCACION SUPERIOR GUILLERMO CLELAND PATERSON', '', '', 898, 4, 26, 1, 1, NULL),
(899, '380090100', 'INSTITUTO DE ENSEÑANZA DE MECANICA DENTAL SAN SALVADOR DE JUJUY', '', '', 899, 3, 26, 2, 1, NULL),
(900, '380058100', 'INSTITUTO DE EDUCACION SUPERIOR DR. LUIS FEDERICO LELOIR', '', '', 900, 3, 26, 2, 1, NULL),
(901, '380073500', 'INSTITUTO DE EDUCACION SUPERIOR DE CAPACITACION Y DESARROLLO EMPRESARIAL', '', '', 901, 3, 26, 2, 1, NULL),
(902, '380006700', 'INSTITUTO DE EDUCACION SUPERIOR JUJUY', '', '', 902, 3, 26, 2, 1, NULL),
(903, '380079800', 'INSTITUTO DE EDUCACION SUPERIOR TECNOLOGICO MERCANTIL ARGENTINO', '', '', 903, 3, 26, 2, 1, NULL),
(904, '380092700', 'INSTITUTO DE EDUCACION SUPERIOR TRASCENDER', '', '', 904, 3, 26, 2, 1, NULL),
(905, '380079400', 'INSTITUTO DE EDUCACION SUPERIOR N 8 SAGRADO CORAZON-FASTA', '', '', 905, 3, 26, 2, 2, NULL),
(906, '380038503', 'INSTITUTO DE EDUCACION SUPERIOR N 4', '', '', 906, 3, 26, 1, 1, NULL),
(907, '380073501', 'INSTITUTO DE EDUCACION SUPERIOR DE CAPACITACION Y DESARROLLO EMPRESARIAL', '', '', 907, 5, 26, 2, 1, NULL),
(908, '380099700', 'INSTITUTO DE EDUCACION SUPERIOR NUEVO HORIZONTE', '', '', 908, 3, 26, 3, 1, NULL),
(909, '380074600', 'INSTITUTO DE EDUCACION SUPERIOR DE SEGURIDAD PUBLICA', '', '', 909, 3, 26, 1, 1, NULL),
(910, '380094100', 'INSTITUTO SUPERIOR DE FORMACION TECNICA MELBY CLAROS', '', '', 910, 3, 26, 2, 1, NULL),
(911, '380076801', 'ESCUELA  SUPERIOR DE DANZAS NORMA FONTENLA', '', '', 911, 3, 26, 1, 1, NULL),
(912, '380076804', 'ESCUELA PROVINCIAL DE ARTE N 2 HERMOGENES CAYO', '', '', 912, 2, 26, 1, 1, NULL),
(913, '380058200', 'INSTITUTO DE EDUCACION SUPERIOR GUILLERMO CLELAND PATERSON', '', '', 913, 3, 26, 1, 1, NULL),
(914, '380092800', 'INSTITUTO SUPERIOR EN CIENCIAS DE LA SALUD', '', '', 914, 3, 26, 2, 1, NULL),
(915, '380076803', 'ESCUELA PROVINCIAL DE TEATRO TITO GUERRA', '', '', 915, 3, 26, 1, 1, NULL),
(916, '380003500', 'INSTITUTO DE EDUCACION SUPERIOR DELTA', '', '', 916, 3, 26, 2, 1, NULL),
(917, '380035202', 'INSTITUTO DE EDUCACION SUPERIOR N 10', '', '', 917, 5, 26, 1, 1, NULL),
(918, '380035200', 'INSTITUTO DE EDUCACION SUPERIOR N 10', '', '', 918, 5, 26, 1, 1, NULL),
(919, '380004202', 'INSTITUTO DE EDUCACION SUPERIOR N 7 POPULORUM PROGRESSIO', '', '', 919, 5, 26, 2, 1, NULL),
(920, '380052001', 'INSTITUTO DE EDUCACION SUPERIOR N 1', '', '', 920, 1, 26, 1, 1, NULL),
(921, '380035201', 'INSTITUTO DE EDUCACION SUPERIOR N 10', '', '', 921, 5, 26, 1, 1, NULL),
(922, '380038500', 'INSTITUTO DE EDUCACION SUPERIOR N 4', '', '', 922, 3, 26, 1, 1, NULL),
(923, '380038502', 'INSTITUTO DE EDUCACION SUPERIOR N 4', '', '', 923, 3, 26, 1, 1, NULL),
(924, '380004203', 'INSTITUTO DE EDUCACION SUPERIOR N 7 POPULORUM PROGRESSIO  ', '', '', 924, 3, 26, 2, 1, NULL),
(925, '380073900', 'INSTITUTO DE EDUCACION SUPERIOR N 2', '', '', 925, 2, 26, 1, 1, NULL),
(926, '380073901', 'INSTITUTO DE EDUCACION SUPERIOR N 2', '', '', 926, 2, 26, 1, 1, NULL),
(927, '380076802', 'ESCUELA SUPERIOR DE MUSICA', '', '', 927, 3, 26, 1, 1, NULL),
(928, '380045101', 'INSTITUTO DE EDUCACION SUPERIOR N 6', '', '', 928, 3, 26, 1, 1, NULL),
(929, '380004201', 'INSTITUTO DE EDUCACION SUPERIOR N 7 - INTELA', '', '', 929, 4, 26, 2, 1, NULL),
(930, '380038501', 'INSTITUTO DE EDUCACION SUPERIOR N 4', '', '', 930, 3, 26, 1, 1, NULL),
(931, '380090200', 'INSTITUTO DE EDUCACION SUPERIOR INTERCULTURAL CAMPITA GUAZU GLORIA PEREZ', '', '', 931, 3, 26, 2, 1, NULL),
(932, '380047202', 'INSTITUTO DE EDUCACION SUPERIOR N 5 JOSE EUGENIO TELLO', '', '', 932, 3, 26, 1, 1, NULL),
(933, '380045102', 'INSTITUTO DE EDUCACION SUPERIOR N 6', '', '', 933, 3, 26, 1, 1, NULL),
(934, '380047201', 'INSTITUTO DE EDUCACION SUPERIOR N 5 JOSE EUGENIO TELLO', '', '', 934, 3, 26, 1, 1, NULL),
(935, '380075000', 'INSTITUTO TECNICO SUPERIOR DEL COLEGIO DE TECNICOS DE JUJUY', '', '', 935, 3, 26, 2, 1, NULL),
(936, '380081400', 'INSTITUTO SUPERIOR DE FORMACION CAPACITACION Y SUPERACION LIC. MYRIAM BEATRIZ GLOSS', '', '', 936, 3, 26, 2, 1, NULL),
(937, '380045801', 'INSTITUTO DE EDUCACION SUPERIOR N 9', '', '', 937, 4, 26, 1, 1, NULL),
(938, '380045100', 'INSTITUTO DE EDUCACION SUPERIOR N 6', '', '', 938, 3, 26, 1, 1, NULL),
(939, '380052000', 'INSTITUTO DE EDUCACION SUPERIOR N 1', '', '', 939, 1, 26, 1, 1, NULL),
(940, '380045800', 'INSTITUTO DE EDUCACION SUPERIOR N 9', '', '', 940, 4, 26, 1, 1, NULL),
(941, '380054300', 'INSTITUTO DE EDUCACION SUPERIOR N 3', '', '', 941, 3, 26, 1, 1, NULL),
(942, '380047200', 'INSTITUTO DE EDUCACION SUPERIOR N 5 JOSE EUGENIO TELLO', '', '', 942, 3, 26, 1, 1, NULL),
(943, '380093700', 'INSTITUTO DE EDUCACION SUPERIOR NUEVO HORIZONTE', '', '', 943, 3, 26, 3, 1, NULL),
(944, '380097800', 'INSTITUTO DE EDUCACION SUPERIOR N 11', '', '', 944, 3, 26, 1, 1, NULL),
(945, '380004200', 'INSTITUTO DE EDUCACION SUPERIOR N 7 POPULORUM PROGRESSIO', '', '', 945, 3, 26, 2, 1, NULL),
(971, '380013700', 'ESCUELA PRIMARIA NOCTURNA N 421', '', '', 971, 2, 34, 1, 1, NULL),
(972, '380005401', 'CENTRO EDUCATIVO DE TERMINALIDAD PRIMARIA N 195 - CURSO PARA ADULTOS - U.1', '', '', 972, 3, 34, 1, 1, NULL),
(973, '380038900', 'ESCUELA NOCTURNA N 400', '', '', 973, 5, 34, 1, 1, NULL),
(974, '380047500', 'ESCUELA NOCTURNA N 194', '', '', 974, 2, 34, 1, 1, NULL),
(975, '380050100', 'ESCUELA NOCTURNA N 88 FRANCISCA MUÑOZ DE SUAREZ', '', '', 975, 4, 34, 1, 1, NULL),
(976, '380043200', 'ESCUELA NOCTURNA N 199 CONGRESALES DE TUCUMAN', '', '', 976, 2, 34, 1, 1, NULL),
(977, '380101508', 'CENTRO DE FORMACION PROFESIONAL N 2  REGIMEN CERRADO PARA ADOLESCENTES EN CONFLICTO CON LA LEY PENAL SAN SALVADOR DE JUJUY ', '', '', 977, 3, 34, 1, 1, NULL),
(978, '380056300', 'ESCUELA N 186', '', '', 978, 4, 34, 1, 1, NULL),
(979, '380006100', 'ESCUELA NOCTURNA N 158 MARIANO MORENO', '', '', 979, 3, 34, 1, 1, NULL),
(980, '380101503', 'CENTRO DE FORMACION PROFESIONAL N 2  U.P.P. N 4', '', '', 980, 3, 34, 1, 1, NULL),
(981, '380098401', 'CENTRO DE FORMACION PROFESIONAL SAN EXPEDITO', '', '', 981, 3, 34, 2, 1, NULL),
(982, '380031900', 'ESCUELA NOCTURNA N 424', '', '', 982, 1, 34, 1, 1, NULL),
(983, '380078100', 'CENTRO DE TERMINALIDAD PRIMARIA N 199 SERVICIO PENITENCIARIO FEDERAL U.22 FEMENINO', '', '', 983, 3, 34, 1, 1, NULL),
(984, '380101509', 'CENTRO DE FORMACION PROFESIONAL N 2  REGIMEN CERRADO PARA ADOLESCENTES EN CONFLICTO CON LA LEY PENAL SAN PEDRO', '', '', 984, 4, 34, 1, 1, NULL),
(985, '380045900', 'ESCUELA PRIMARIA N 63 GOB. EUGENIO TELLO', '', '', 985, 4, 34, 1, 1, NULL),
(986, '380038800', 'ESCUELA NOCTURNA N 429', '', '', 986, 4, 34, 1, 1, NULL),
(987, '380060800', 'MISION DE CULTURA RURAL Y DOMESTICA N 23', '', '', 987, 1, 34, 1, 1, NULL),
(988, '380005400', 'CENTRO EDUCATIVO DE TERMINALIDAD PRIMARIA N 195 - CURSO PARA ADULTOS - U.1', '', '', 988, 3, 34, 1, 1, NULL),
(989, '380000100', 'ESCUELA N 157 DR RICARDO ROJAS', '', '', 989, 3, 34, 1, 1, NULL),
(990, '380011000', 'ESCUELA NOCTURNA N 191 BARON DE HOLMBERG', '', '', 990, 3, 34, 1, 1, NULL),
(991, '380057800', 'ESCUELA NOCTURNA N 401 DE JOVENES Y ADULTOS', '', '', 991, 1, 34, 1, 1, NULL),
(992, '380101502', 'CENTRO DE FORMACION PROFESIONAL N 2  U.P.P. N 3 ', '', '', 992, 3, 34, 1, 1, NULL),
(993, '380039500', 'ESCUELA N 420 REPUBLICA DE SAN MARINO', '', '', 993, 3, 34, 1, 1, NULL),
(994, '380008201', 'BACHILLERATO PROVINCIAL ACELERADO N 1 - UNIDAD 2 - MENORES', '', '', 994, 3, 34, 1, 1, NULL),
(995, '380027500', 'ESCUELA NOCTURNA N 155', '', '', 995, 5, 34, 1, 1, NULL),
(996, '380038600', 'ESCUELA NOCTURNA N 106', '', '', 996, 5, 34, 1, 1, NULL),
(997, '380094504', 'CENTRO DE FORMACION PROFESIONAL N 1 AULAS TALLERES MOVILES', '', '', 997, 3, 34, 1, 1, NULL),
(998, '380039400', 'ESCUELA NOCTURNA N 160 20 DE JUNIO', '', '', 998, 3, 34, 1, 1, NULL),
(999, '380057300', 'ESCUELA NOCTURNA N 105 WENCESLAO GALLARDO', '', '', 999, 3, 34, 1, 1, NULL),
(1000, '380079300', 'ESCUELA DE CAPACITACION LABORAL DE VOLCAN', '', '', 1000, 3, 34, 1, 2, NULL),
(1001, '380061400', 'MISION MONOTECNICA Y DE EXTENSION CULTURAL N 4', '', '', 1001, 3, 34, 1, 2, NULL),
(1002, '380072700', 'ESCUELA NOCTURNA N 448', '', '', 1002, 3, 34, 1, 1, NULL),
(1003, '380094505', 'CENTRO DE FORMACION PROFESIONAL N 1 AULAS TALLERES MOVILES', '', '', 1003, 3, 34, 1, 1, NULL),
(1004, '380050500', 'ESCUELA NOCTURNA PARA JOVENES Y ADULTOS N 403', '', '', 1004, 5, 34, 1, 1, NULL),
(1005, '380094502', 'CENTRO DE FORMACION PROFESIONAL N 1 AULAS TALLERES MOVILES', '', '', 1005, 3, 34, 1, 1, NULL),
(1006, '380101501', 'CENTRO DE FORMACION PROFESIONAL N 2  U.P.P. N 2', '', '', 1006, 3, 34, 1, 1, NULL),
(1007, '380021000', 'ESCUELA NOCTURNA N 165', '', '', 1007, 5, 34, 1, 1, NULL),
(1008, '380053700', 'ESCUELA NOCTURNA N 399', '', '', 1008, 3, 34, 1, 1, NULL),
(1009, '380057600', 'ESCUELA NOCTURNA N 397', '', '', 1009, 3, 34, 1, 1, NULL),
(1010, '380004000', 'ESCUELA NOCTURNA N 164 PACHI GORRITI', '', '', 1010, 3, 34, 1, 1, NULL),
(1011, '380005200', 'ESCUELA NOCTURNA N 102 PAULA ALBARRACIN DE SARMIENTO', '', '', 1011, 3, 34, 1, 1, NULL),
(1012, '380021700', 'ESCUELA NOCTURNA N 9 JUANA MANSO', '', '', 1012, 4, 34, 1, 1, NULL),
(1013, '380061300', 'ESCUELA N 74 MISION MONOTECNICA Y DE EXTENSION CULTURAL', '', '', 1013, 1, 34, 1, 1, NULL),
(1014, '380005300', 'ESCUELA NOCTURNA N 99 DESIDERIO SARVERRY', '', '', 1014, 3, 34, 1, 1, NULL),
(1015, '380101600', 'CENTRO DE FORMACION Y CAPACITACION PROFESIONAL N 1 LA SALLE', '', '', 1015, 3, 34, 2, 1, NULL),
(1016, '380099100', 'ESCUELA PROFESIONAL OFICIOS SAN PEDRO', '', '', 1016, 4, 34, 2, 1, NULL),
(1017, '380005405', 'CENTRO EDUCATIVO DE TERMINALIDAD PRIMARIA N 195 - CURSO PARA ADULTOS - U.1', '', '', 1017, 3, 34, 1, 1, NULL),
(1018, '380094501', 'CENTRO DE FORMACION PROFESIONAL N 1 AULAS TALLERES MOVILES ', '', '', 1018, 3, 34, 1, 1, NULL),
(1019, '380101507', 'CENTRO DE FORMACION PROFESIONAL N 2  U.P.F. N 22', '', '', 1019, 3, 34, 1, 1, NULL),
(1020, '380101506', 'CENTRO DE FORMACION PROFESIONAL N 2  U.P.F. N 8', '', '', 1020, 3, 34, 1, 1, NULL),
(1021, '380045200', 'ESCUELA NOCTURNA N 94 JESUS OBRERO', '', '', 1021, 3, 34, 1, 1, NULL),
(1022, '380059700', 'ESCUELA PROFESIONAL N 14 SANTA BARBARA', '', '', 1022, 5, 34, 1, 1, NULL),
(1023, '380078200', 'CENTRO DE TERMINALIDAD PRIMARIA N 198 SERVICIO PENITENCIARIO FEDERAL U.8 MASCULINO', '', '', 1023, 3, 34, 1, 1, NULL),
(1024, '380009501', 'COLEGIO SANTA TERESITA ANEXO ALTO COMEDERO ', '', '', 1024, 3, 34, 2, 1, NULL),
(1025, '380060200', 'ESCUELA PROFESIONAL N 2', '', '', 1025, 2, 34, 1, 1, NULL),
(1026, '380039800', 'ESCUELA NOCTURNA N 150 REPUBLICA DEL PERU', '', '', 1026, 3, 34, 1, 1, NULL),
(1027, '380083400', 'TALLER LIBRE DE ARTES Y ARTESANIAS RAMAL JUJEÑO', '', '', 1027, 3, 34, 1, 1, NULL),
(1028, '380101500', 'CENTRO DE FORMACION PROFESIONAL N 2', '', '', 1028, 3, 34, 1, 1, NULL),
(1029, '380080900', 'COLEGIO DE JOVENES Y ADULTOS PERIODISTA JUAN CARLOS ZAMBRANO', '', '', 1029, 3, 34, 2, 1, NULL),
(1030, '380061600', 'ESCUELA PROFESIONAL N 9 GREGORIA MATORRAS', '', '', 1030, 4, 34, 1, 1, NULL),
(1031, '380062900', 'CENTRO EDUCATIVO DE TERMINALIDAD PRIMARIA - REGION I', '', '', 1031, 1, 34, 1, 1, NULL),
(1032, '380061500', 'ESCUELA PROFESIONAL N 5 CORONEL MANUEL ALVAREZ PRADO', '', '', 1032, 2, 34, 1, 1, NULL),
(1033, '380066200', 'CENTRO EDUCATIVO DE TERMINALIDAD PRIMARIA - REGION II', '', '', 1033, 2, 34, 1, 1, NULL),
(1034, '380008300', 'BACHILLERATO PROVINCIAL NOCTURNO PARA ADULTOS N 1 BACA OJEDA', '', '', 1034, 3, 34, 1, 1, NULL),
(1035, '380018800', 'BACHILLERATO PROVINCIAL N 4 ACELERADO PARA ADULTOS EJERCITO DEL NORTE', '', '', 1035, 3, 34, 1, 1, NULL),
(1036, '380008200', 'BACHILLERATO PROVINCIAL ACELERADO N 1 - UNIDAD 1 - MASCULINO', '', '', 1036, 3, 34, 1, 1, NULL),
(1037, '380101505', 'CENTRO DE FORMACION PROFESIONAL N 2  U.P.P. N 7', '', '', 1037, 3, 34, 1, 1, NULL),
(1038, '380094500', 'CENTRO DE FORMACION PROFESIONAL N 1 AULAS TALLERES MOVILES', '', '', 1038, 3, 34, 1, 1, NULL),
(1039, '380062700', 'CENTRO EDUCATIVO DE TERMINALIDAD PRIMARIA - REGION V', '', '', 1039, 5, 34, 1, 1, NULL),
(1040, '380001000', 'CENTRO EDUCATIVO NIVEL SECUNDARIO N 310', '', '', 1040, 3, 34, 1, 1, NULL),
(1041, '380084000', 'CENTRO DE FORMACION PROFESIONAL MUNICIPAL N 1', '', '', 1041, 3, 34, 1, 1, NULL),
(1042, '380083200', 'TALLER LIBRE DE ARTES Y ARTESANIAS QUEBRADA', '', '', 1042, 2, 34, 1, 2, NULL),
(1043, '380061000', 'MISION MONOTECNICA Y DE EXTENSION CULTURAL N 69', '', '', 1043, 3, 34, 1, 1, NULL),
(1044, '380066300', 'CENTRO EDUCATIVO DE TERMINALIDAD PRIMARIA - REGION IV', '', '', 1044, 4, 34, 1, 1, NULL),
(1045, '380083500', 'TALLER LIBRE DE ARTES Y ARTESANIAS RAMAL JUJEÑO', '', '', 1045, 5, 34, 1, 1, NULL),
(1046, '380083000', '702 - TALLERES LIBRES DE LA QUEBRADA - SEDE TILCARA', '', '', 1046, 2, 34, 1, 1, NULL),
(1047, '380059600', 'ESCUELA PROFESIONAL N 11', '', '', 1047, 5, 34, 1, 1, NULL),
(1048, '380060900', 'CENTRO DE EDUCACION AGRICOLA', '', '', 1048, 4, 34, 1, 2, NULL),
(1049, '380003600', 'CENTRO EDUCATIVO NIVEL SECUNDARIO N 43 MANUEL BELGRANO', '', '', 1049, 3, 34, 1, 1, NULL),
(1050, '380060700', 'ESCUELA PROFESIONAL N 4 JUANA MANUELA GORRITI', '', '', 1050, 1, 34, 1, 1, NULL),
(1051, '380060500', 'CENTRO DE EDUCACION AGRICOLA N 3', '', '', 1051, 5, 34, 1, 4, NULL),
(1052, '380063800', 'COLEGIO SECUNDARIO N 4', '', '', 1052, 5, 34, 1, 1, NULL),
(1053, '380061100', 'ESCUELA DE CAPACITACION LABORAL N 615', '', '', 1053, 5, 34, 1, 1, NULL),
(1054, '380003601', 'CENTRO EDUCATIVO NIVEL SECUNDARIO N 43 MANUEL BELGRANO', '', '', 1054, 3, 34, 1, 1, NULL),
(1055, '380089800', 'CENTRO DE FORMACION PROFESIONAL N 1', '', '', 1055, 5, 34, 1, 2, NULL),
(1056, '380077200', 'CENTRO DE EDUCACION NO FORMAL N 1', '', '', 1056, 1, 34, 1, 1, NULL),
(1057, '380059800', 'ESCUELA PROFESIONAL N 10 PATRICIAS ARGENTINAS', '', '', 1057, 3, 34, 1, 1, NULL),
(1058, '380025100', 'CENTRO EDUCATIVO DE NIVEL SECUNDARIO N 203', '', '', 1058, 3, 34, 1, 1, NULL),
(1059, '380079600', 'BACHILLERATO DE NIVELACION PARA EL PERSONAL PENITENCIARIO', '', '', 1059, 3, 34, 1, 1, NULL),
(1060, '380062500', 'CENTRO EDUCATIVO DE TERMINALIDAD PRIMARIA - REGION III', '', '', 1060, 3, 34, 1, 1, NULL),
(1061, '380061200', 'ESCUELA PROFESIONAL N 6', '', '', 1061, 3, 34, 1, 1, NULL),
(1062, '380074700', 'CENTRO DE EDUCACION INTEGRADA DE JOVENES Y ADULTOS RENE SALAMANCA', '', '', 1062, 3, 34, 1, 1, NULL),
(1063, '380060000', 'ESCUELA PROFESIONAL N 13 DAMAS MENDOCINAS', '', '', 1063, 3, 34, 1, 1, NULL),
(1064, '380060400', 'CENTRO DE FORMACION PROFESIONAL N 1', '', '', 1064, 4, 34, 1, 1, NULL),
(1065, '380059500', 'ESCUELA PROFESIONAL N 7 FELISA S.R.S. DE BUSTAMANTE', '', '', 1065, 4, 34, 1, 1, NULL),
(1066, '380003700', 'CENTRO EDUCATIVO NIVEL SECUNDARIO N 104', '', '', 1066, 3, 34, 1, 1, NULL),
(1067, '380059300', 'CENTRO DE FORMACION PROFESIONAL N 1', '', '', 1067, 3, 34, 1, 1, NULL),
(1068, '380059900', 'ESCUELA PROFESIONAL N 3', '', '', 1068, 5, 34, 1, 1, NULL),
(1069, '380060600', 'ESCUELA PROFESIONAL N 8 SARMIENTO', '', '', 1069, 3, 34, 1, 1, NULL),
(1070, '380093900', 'CENTRO DE FORMACION PROFESIONAL NUEVO HORIZONTE', '', '', 1070, 3, 34, 3, 1, NULL),
(1071, '380073200', 'BACHILLERATO A DISTANCIA', '', '', 1071, 3, 34, 1, 1, NULL),
(1072, '000000001', 'AED', NULL, NULL, 1192, 3, 6, 1, 1, NULL);

-- --------------------------------------------------------

--
-- Estructura de tabla para la tabla `flyway_schema_history`
--

CREATE TABLE `flyway_schema_history` (
  `installed_rank` int(11) NOT NULL,
  `version` varchar(50) DEFAULT NULL,
  `description` varchar(200) NOT NULL,
  `type` varchar(20) NOT NULL,
  `script` varchar(1000) NOT NULL,
  `checksum` int(11) DEFAULT NULL,
  `installed_by` varchar(100) NOT NULL,
  `installed_on` timestamp NOT NULL DEFAULT current_timestamp(),
  `execution_time` int(11) NOT NULL,
  `success` tinyint(1) NOT NULL
) ENGINE=InnoDB DEFAULT CHARSET=latin1;

--
-- Volcado de datos para la tabla `flyway_schema_history`
--

INSERT INTO `flyway_schema_history` (`installed_rank`, `version`, `description`, `type`, `script`, `checksum`, `installed_by`, `installed_on`, `execution_time`, `success`) VALUES
(1, '0.1', 'first', 'SQL', 'V0.1__first.sql', -1561455646, 'rteInformes', '2021-04-30 06:18:24', 7789, 1);

-- --------------------------------------------------------

--
-- Estructura de tabla para la tabla `nivel_educativo`
--

CREATE TABLE `nivel_educativo` (
  `id_nivel` int(10) NOT NULL,
  `nivel` varchar(30) NOT NULL
) ENGINE=InnoDB DEFAULT CHARSET=utf8mb4;

--
-- Volcado de datos para la tabla `nivel_educativo`
--

INSERT INTO `nivel_educativo` (`id_nivel`, `nivel`) VALUES
(1, 'Especial'),
(2, 'Inicial'),
(3, 'Inicial / Primario'),
(4, 'Inicial / Primario / Especial'),
(5, 'J.Maternal / Inicial'),
(6, 'Primario'),
(7, 'Primario / Especial'),
(8, 'Secundario'),
(9, 'Secundario / Polimodal'),
(26, 'Superior'),
(34, 'Adultos');

-- --------------------------------------------------------

--
-- Estructura de tabla para la tabla `persona`
--

CREATE TABLE `persona` (
  `id_persona` int(10) NOT NULL,
  `cuil` varchar(15) NOT NULL,
  `apellido` varchar(30) NOT NULL,
  `nombres` varchar(50) NOT NULL,
  `telefono` varchar(30) DEFAULT NULL,
  `email` varchar(50) DEFAULT NULL,
  `id_domicilio` int(10) NOT NULL
) ENGINE=InnoDB DEFAULT CHARSET=utf8mb4;

--
-- Volcado de datos para la tabla `persona`
--

INSERT INTO `persona` (`id_persona`, `cuil`, `apellido`, `nombres`, `telefono`, `email`, `id_domicilio`) VALUES
(30, '23178797859', 'CARI', 'Jose Vicente', '3885018789', '', 1075),
(31, '27323662059', 'CARRIZO', 'Nancy Gisela', '3884770096', '', 1076),
(32, '24314426866', 'CRUZ', 'Walter Armando', '3885866575', '', 1077),
(33, '20280733122', 'FLORES', 'Alejandro Sebastian', '3885141337', '', 1078),
(34, '20253778904', 'RODRIGUEZ', 'Esteban Fabian ', '3884334043', '', 1079),
(35, '27337648830', 'SAJAMA', 'Maria Eugenia', '3884622269', '', 1080),
(36, '20311977823', 'VALE', 'Walter Ismael', '3885139438', '', 1081),
(37, '20217530165', 'VILLA', 'Santiago Angel', '3885897417', '', 1082),
(38, '20339868205', 'VALE', 'Pablo Victoriano', '3884179421', '', 1083),
(39, '23358216889', 'ARMELLA', 'Luis Orlando', '3884103430', '', 1084),
(40, '27339696832', 'ATANACIO', 'Anahi Silvina', '3885124010', '', 1085),
(41, '27280661916', 'ATANACIO', 'Marina', '3884416808', '', 1086),
(42, '20319236776', 'BUSTAMANTE', 'Carlos David', '3885141850', '', 1087),
(43, '20332568281', 'GARCIA,', 'Miguel Avelino', '3885163397', '', 1088),
(44, '27325289479', 'LLAMPA', 'Elizabeth Antonia', '3884977272', '', 1089),
(45, '23336481309', 'MAMANI', 'Julio Cesar', '3884212426', '', 1090),
(46, '20329605001', 'SAJAMA', 'Walter Simon', '3885975355', '', 1091),
(47, '20310982491', 'CORDOBA', 'Miguel Fernando', '3886440253', '', 1092),
(48, '20170746776', 'BUSTAMANTE', 'Fernando', '3886657231', '', 1093),
(49, '20271920084', 'ACOSTA', 'Pablo Jose', '3884785487', '', 1094),
(50, '20346369559', 'CALISAYA', 'Santiago', '3884302772', '', 1095),
(51, '20278668542', 'CORREA', 'Ezequiel Fernando', '3884858703', '', 1096),
(52, '20281870034', 'GARAY', 'Marcelo Antonio Saul', '3884353472', '', 1097),
(53, '20240238587', 'TARIFA', 'Eugenio', '3884969686', '', 1098),
(54, '20298438276', 'BERNECHEA', 'Miguel Arturo', '3884612168', '', 1099),
(55, '20294962612', 'CORSO', 'Manuel Aldo', '3886851313', '', 1100),
(56, '27363787946', 'SOSA', 'Mabel ', '3886850962', '', 1101),
(57, '20270473254', 'ZERPA', 'Aristoteles Norberto', '3884662658', '', 1102),
(58, '23249302759', 'VELARDE', 'Eduardo Rene', '3888418678', '', 1103),
(59, '20319934562', 'ATANACIO', 'Ariel Antonio', '3886860025', '', 1104),
(60, '20280641546', 'BELTRAN', 'Carlos Gustavo', '03885 424007 /0388 6', '', 1105),
(61, '23323085404', 'FERNANDEZ', 'Maria Elena', '3884678783', '', 1106),
(62, '27391988701', 'PORTAL', 'Celeste Adriana', '3884335298', '', 1107),
(63, '20161836223', 'AGUAYSOL', 'BARRERA Favio Marcelo', '3886557218', '', 1108),
(64, '27261538615', 'ALBARRACIN', 'Maria Fernanda', '3886570929', '', 1109),
(65, '20173504072', 'ARGUELLO', 'Ruben', '3886572235', '', 1110),
(66, '23234263439', 'LOBO', 'Daniel Alejandro', '3886652866', '', 1111),
(67, '20311832000', 'ORDOÑEZ', 'Sebastian', '3885714964', '', 1112),
(68, '27274305024', 'SALINAS', 'Veronica Gertrudis', '3886427491', '', 1113),
(69, '20289454382', 'TAMAYO', 'Jose Alejandro Heriberto', '3886527627', '', 1114),
(70, '27353100039', 'TAPIA', 'Mayra Natalia', '3886656047', '', 1115),
(71, '20297295161', 'VALLEJO', 'Jose Ricardo', '3886440216', '', 1116),
(72, '20265019456', 'DIAZ', 'Gabriel Antonio', '3884217661', '', 1117),
(73, '27293202503', 'CARDOZO', 'Aida Gladys', '3884302274', '', 1118),
(74, '27319615585', 'FERNANDEZ', 'Romina Andrea', '3884459848', '', 1119),
(75, '20332547713', 'TOLABA', 'Diego Emanuel', '3884137079', '', 1120),
(76, '20329430767', 'ZUBELZA', 'Fabio', '3885191206', '', 1121),
(77, '27294191076', 'ARACENA', 'Anahi Isabel Roberta', '3885704220', '', 1122),
(78, '20335647808', 'BEJARANO', 'Cristian Daniel', '3884145003', '', 1123),
(79, '20252871293', 'CASTRO', 'Abraham', '3885901432', '', 1124),
(80, '20264515484', 'MARTINEZ', 'Ariel Gustavo', '3885268185', '', 1125),
(81, '27291327759', 'NAVARRO', 'Carina Vanesa', '3884729191', '', 1126),
(82, '20311014290', 'TITO', 'Cristian Gonzalo', '3885133391', '', 1127),
(83, '20336810575', 'YEVARA', 'Leonel Ezequiel Raul', '3885051586', '', 1128),
(84, '20248505371', 'CARLOS', 'Ariel Fabian', '3884099619', '', 1129),
(85, '23358968899', 'FERNANDEZ', 'Claudio Manuel Ivan', '3885725436', '', 1130),
(86, '20215327095', 'GONZALEZ', 'Juan Carlos', '3885882091', '', 1131),
(87, '23163475189', 'HIDALGO', 'Jorge', '3884306479', '', 1132),
(88, '20929258054', 'LEON', 'PAIRUMANI Martin Jose', '3885753668', '', 1133),
(89, '27392028825', 'TEJERINA', 'Agustina Ana', '3884464088', '', 1134),
(90, '27378431609', 'CASTRO', 'Analia Ines', '3884755665', '', 1135),
(91, '27281875375', 'CUEZZO', 'Debora', '3888630757', '', 1136),
(92, '23339365849', 'FERNANDEZ', 'Rodolfo Sergio Augusto', '3888557736', '', 1137),
(93, '20244541160', 'FREGOTE', 'Miguel Angel', '3888415192', '', 1138),
(94, '23356773624', 'GARECA', 'Rosa Beatriz', '3888442716', '', 1139),
(95, '20286218262', 'HERRERA', 'Antonio Ramon', '3884042812', '', 1140),
(96, '27348657106', 'OLARTE', 'Karen Paola', '3888630890', '', 1141),
(97, '20376336302', 'RODRIGUEZ', 'Franco Rafael', '3888469859', '', 1142),
(98, '20291033165', 'SARAVIA', 'Diego Alberto', '388630914', '', 1143),
(99, '27320018442', 'TUQUINA', 'Adriana Paola', '3888601339', '', 1144),
(100, '20313204198', 'ZAMORA', 'Felix', '3888449772', '', 1145),
(101, '27357806157', 'ABACHINO', 'Sandra Pamela', '3885719135', '', 1146),
(102, '20319236989', 'ALANCAY', 'Leopoldo Alan Saul', '3885211608', '', 1147),
(103, '27274964559', 'AYBAR', 'Maria Luisa Irene', '3885713311', '', 1148),
(104, '20251837687', 'CABRERA', 'Adrian Ramon', '3884480816', '', 1149),
(105, '23211658444', 'CANCHE', 'Lia Ester', '3884134264', '', 1150),
(106, '20324320440', 'CHAVES', 'Sebastian Osbaldo', '3884172602', '', 1151),
(107, '24259305558', 'CHOSCO', 'Victor Hugo', '3884619532', '', 1152),
(108, '23267939799', 'CIARES', 'Pablo Javier', '3885099579', '', 1153),
(109, '23332325809', 'CRUZ', 'Damian Sixto Javier', '3885758495', '', 1154),
(110, '20314556233', 'CRUZ', 'Hernan Emanuel Nazareno', '3884857221', '', 1155),
(111, '23240679779', 'ESCALANTE', 'Vicente', '3886820729', '', 1156),
(112, '20271027320', 'FIGUEROA', 'Juan Pablo', '3885505235', '', 1157),
(113, '20245046333', 'FIGUEROA', 'VERGARA Efrain Alvaro Saul', '3885015012', '', 1158),
(114, '20284024827', 'GOMEZ', 'Fernando', '3885106872', '', 1159),
(115, '20307653711', 'GUANUCO', 'Dario Emanuel', '3884878413', '', 1160),
(116, '20275210006', 'HOYOS', 'Jose Luis', '3885317615', '', 1161),
(117, '20245044314', 'HUALPA', 'Sergio Rene', '3885017943', '', 1162),
(118, '20246117064', 'HUANCA', 'Hector Eduardo Ariel', '3884105642', '', 1163),
(119, '20258445645', 'JUAREZ', 'Jose Oscar', '3884030057', '', 1164),
(120, '20213204654', 'LOPEZ', 'Javier Alfredo', '3884250193', '', 1165),
(121, '20292110805', 'LOPEZ', 'Victor Jose', '3885820706', '', 1166),
(122, '27292063739', 'LOPEZ', 'Virginia Gabriela', '3884741651', '', 1167),
(123, '20307654424', 'MADRID', 'Juan Sebastian', '3886862366', '', 1168),
(124, '20239430636', 'MAMANI', 'David Roberto', '3884212426', '', 1169),
(125, '20248873478', 'MAMANI', 'Luis Ferrer David', '3885401768', '', 1170),
(126, '27304170072', 'MARAZ', 'Maria Del Rosario', '3425024622', '', 1171),
(127, '20147874481', 'ORGAS', 'Sergio Victor', '3884883530', '', 1172),
(128, '20297075250', 'ORTEGA', 'Osvaldo Gabriel', '3884889954', '', 1173),
(129, '27297358818', 'RAMIREZ', 'Elsa Daniela', '3885014663', '', 1174),
(130, '20256131367', 'RAMOS', 'MACIAS Jose Miguel', '3885200295', '', 1175),
(131, '23328771179', 'REINOSO', 'Fernando Ezequiel', '3884198056', '', 1176),
(132, '27255798761', 'RIOS', 'Beatriz Azucena', '3885177212', '', 1177),
(133, '20297069250', 'RODRIGUEZ', 'Pablo Federico', '3884331636', '', 1178),
(134, '23272541809', 'TREJO', 'Hilarion', '3884965966', '', 1179),
(135, '20297079566', 'BARRIENTOS', 'Ariel Ramiro', '3884965094', '', 1180),
(136, '27251656385', 'DAVILA', 'Miriam Mercedes', '3886868310', '', 1181),
(137, '20929687141', 'NINA', 'PERALES Miguel Keyso', '3884322882', '', 1182),
(138, '20285433607', 'PEREZ', 'Diego Raul', '3884042807', '', 1183),
(139, '20259545987', 'POSSE', 'VARELA Ariel Sebastian', '3884684041', '', 1184),
(140, '20342733507', 'SORIANO', 'Luis Enzo', '3884595133', '', 1185),
(141, '27283103892', 'CAÑARI', 'Lorena', '3885217675', '', 1186),
(142, '20147734981', 'CONDORI', 'Alfredo Pablo', '3885212403', '', 1187),
(143, '20261937248', 'LIMA', 'Ivan Alfredo', '3884136532', '', 1188),
(144, '27348877882', 'RAMOS', 'Vanesa Elizabeth', '3884678783', '', 1189),
(145, '20314995032', 'SALVATIERRA', 'David Alejandro', '3886531292', '', 1190);

-- --------------------------------------------------------

--
-- Estructura de tabla para la tabla `personal`
--

CREATE TABLE `personal` (
  `id_personal` int(10) NOT NULL,
  `funcion` varchar(50) NOT NULL,
  `id_persona` int(10) NOT NULL,
  `id_entidad` int(10) DEFAULT NULL
) ENGINE=InnoDB DEFAULT CHARSET=utf8mb4;

--
-- Volcado de datos para la tabla `personal`
--

INSERT INTO `personal` (`id_personal`, `funcion`, `id_persona`, `id_entidad`) VALUES
(30, 'RTE ESCUELA', 30, 1),
(31, 'RTE ESCUELA', 31, 1),
(32, 'RTE ESCUELA', 32, 1),
(33, 'RTE ESCUELA', 33, 1),
(34, 'RTE ESCUELA', 34, 1),
(35, 'RTE ESCUELA', 35, 1),
(36, 'RTE ESCUELA', 36, 1),
(37, 'RTE ESCUELA', 37, 1),
(38, 'RTE ESCUELA', 38, 1),
(39, 'RTE ESCUELA', 39, 1),
(40, 'RTE ESCUELA', 40, 1),
(41, 'RTE ESCUELA', 41, 1),
(42, 'RTE ESCUELA', 42, 1),
(43, 'RTE ESCUELA', 43, 1),
(44, 'RTE ESCUELA', 44, 1),
(45, 'RTE ESCUELA', 45, 1),
(46, 'RTE ESCUELA', 46, 1),
(47, 'RTE ESCUELA', 47, 1),
(48, 'RTE ESCUELA', 48, 1),
(49, 'RTE ESCUELA', 49, 1),
(50, 'RTE ESCUELA', 50, 1),
(51, 'RTE ESCUELA', 51, 1),
(52, 'RTE ESCUELA', 52, 1),
(53, 'RTE ESCUELA', 53, 1),
(54, 'RTE ESCUELA', 54, 1),
(55, 'RTE ESCUELA', 55, 1),
(56, 'RTE ESCUELA', 56, 1),
(57, 'RTE ESCUELA', 57, 1),
(58, 'RTE ESCUELA', 58, 1),
(59, 'RTE ESCUELA', 59, 1),
(60, 'RTE ESCUELA', 60, 1),
(61, 'RTE ESCUELA', 61, 1),
(62, 'RTE ESCUELA', 62, 1),
(63, 'RTE ESCUELA', 63, 1),
(64, 'RTE ESCUELA', 64, 1),
(65, 'RTE ESCUELA', 65, 1),
(66, 'RTE ESCUELA', 66, 1),
(67, 'RTE ESCUELA', 67, 1),
(68, 'RTE ESCUELA', 68, 1),
(69, 'RTE ESCUELA', 69, 1),
(70, 'RTE ESCUELA', 70, 1),
(71, 'RTE ESCUELA', 71, 1),
(72, 'RTE ESCUELA', 72, 1),
(73, 'RTE ESCUELA', 73, 1),
(74, 'RTE ESCUELA', 74, 1),
(75, 'RTE ESCUELA', 75, 1),
(76, 'RTE ESCUELA', 76, 1),
(77, 'RTE ESCUELA', 77, 1),
(78, 'RTE ESCUELA', 78, 1),
(79, 'RTE ESCUELA', 79, 1),
(80, 'RTE ESCUELA', 80, 1),
(81, 'RTE ESCUELA', 81, 1),
(82, 'RTE ESCUELA', 82, 1),
(83, 'RTE ESCUELA', 83, 1),
(84, 'RTE ESCUELA', 84, 1),
(85, 'RTE ESCUELA', 85, 1),
(86, 'RTE ESCUELA', 86, 1),
(87, 'RTE ESCUELA', 87, 1),
(88, 'RTE ESCUELA', 88, 1),
(89, 'RTE ESCUELA', 89, 1),
(90, 'RTE ESCUELA', 90, 1),
(91, 'RTE ESCUELA', 91, 1),
(92, 'RTE ESCUELA', 92, 1),
(93, 'RTE ESCUELA', 93, 1),
(94, 'RTE ESCUELA', 94, 1),
(95, 'RTE ESCUELA', 95, 1),
(96, 'RTE ESCUELA', 96, 1),
(97, 'RTE ESCUELA', 97, 1),
(98, 'RTE ESCUELA', 98, 1),
(99, 'RTE ESCUELA', 99, 1),
(100, 'RTE ESCUELA', 100, 1),
(101, 'RTE ESCUELA', 101, 1),
(102, 'RTE ESCUELA', 102, 1),
(103, 'RTE ESCUELA', 103, 1),
(104, 'RTE ESCUELA', 104, 1),
(105, 'RTE ESCUELA', 105, 1),
(106, 'RTE ESCUELA', 106, 1),
(107, 'RTE ESCUELA', 107, 1),
(108, 'RTE ESCUELA', 108, 1),
(109, 'RTE ESCUELA', 109, 1),
(110, 'RTE ESCUELA', 110, 1),
(111, 'RTE ESCUELA', 111, 1),
(112, 'RTE ESCUELA', 112, 1),
(113, 'RTE ESCUELA', 113, 1),
(114, 'RTE ESCUELA', 114, 1),
(115, 'RTE ESCUELA', 115, 1),
(116, 'RTE ESCUELA', 116, 1),
(117, 'RTE ESCUELA', 117, 1),
(118, 'RTE ESCUELA', 118, 1),
(119, 'RTE ESCUELA', 119, 1),
(120, 'RTE ESCUELA', 120, 1),
(121, 'RTE ESCUELA', 121, 1),
(122, 'RTE ESCUELA', 122, 1),
(123, 'RTE ESCUELA', 123, 1),
(124, 'RTE ESCUELA', 124, 1),
(125, 'RTE ESCUELA', 125, 1),
(126, 'RTE ESCUELA', 126, 1),
(127, 'RTE ESCUELA', 127, 1),
(128, 'RTE ESCUELA', 128, 1),
(129, 'RTE ESCUELA', 129, 1),
(130, 'RTE ESCUELA', 130, 1),
(131, 'RTE ESCUELA', 131, 1),
(132, 'RTE ESCUELA', 132, 1),
(133, 'RTE ESCUELA', 133, 1),
(134, 'RTE ESCUELA', 134, 1),
(135, 'RTE ESCUELA', 135, 1),
(136, 'RTE ESCUELA', 136, 1),
(137, 'RTE ESCUELA', 137, 1),
(138, 'RTE ESCUELA', 138, 1),
(139, 'RTE ESCUELA', 139, 1),
(140, 'RTE ESCUELA', 140, 1),
(141, 'RTE ESCUELA', 141, 1),
(142, 'RTE ESCUELA', 142, 1),
(143, 'RTE ESCUELA', 143, 1),
(144, 'RTE ESCUELA', 144, 1),
(145, 'RTE ESCUELA', 145, 1);

-- --------------------------------------------------------

--
-- Estructura de tabla para la tabla `region`
--

CREATE TABLE `region` (
  `id_region` int(10) NOT NULL,
  `region` varchar(10) NOT NULL
) ENGINE=InnoDB DEFAULT CHARSET=utf8mb4;

--
-- Volcado de datos para la tabla `region`
--

INSERT INTO `region` (`id_region`, `region`) VALUES
(1, 'I'),
(2, 'II'),
(3, 'III'),
(4, 'IV'),
(5, 'V');

-- --------------------------------------------------------

--
-- Estructura de tabla para la tabla `sector`
--

CREATE TABLE `sector` (
  `id_sector` int(10) NOT NULL,
  `sector` varchar(30) NOT NULL
) ENGINE=InnoDB DEFAULT CHARSET=utf8mb4;

--
-- Volcado de datos para la tabla `sector`
--

INSERT INTO `sector` (`id_sector`, `sector`) VALUES
(1, 'Estatal'),
(2, 'Privado'),
(3, 'Gestion Social / Cooperativa');

--
-- Índices para tablas volcadas
--

--
-- Indices de la tabla `actividad`
--
ALTER TABLE `actividad`
  ADD PRIMARY KEY (`id_actividad`),
  ADD KEY `id_personal` (`id_personal`),
  ADD KEY `id_escuela` (`id_escuela`),
  ADD KEY `id_categoria` (`id_categoria`),
  ADD KEY `id_destinatario` (`id_destinatario`);

--
-- Indices de la tabla `ambito`
--
ALTER TABLE `ambito`
  ADD PRIMARY KEY (`id_ambito`);

--
-- Indices de la tabla `categoria`
--
ALTER TABLE `categoria`
  ADD PRIMARY KEY (`id_categoria`),
  ADD KEY `id_categoria_categoria` (`id_categoria_categoria`);

--
-- Indices de la tabla `categoria_categoria`
--
ALTER TABLE `categoria_categoria`
  ADD PRIMARY KEY (`id_categoria_categoria`);

--
-- Indices de la tabla `destinatario`
--
ALTER TABLE `destinatario`
  ADD PRIMARY KEY (`id_destinatario`);

--
-- Indices de la tabla `domicilio`
--
ALTER TABLE `domicilio`
  ADD PRIMARY KEY (`id_domicilio`);

--
-- Indices de la tabla `entidad`
--
ALTER TABLE `entidad`
  ADD PRIMARY KEY (`id_entidad`);

--
-- Indices de la tabla `escuela`
--
ALTER TABLE `escuela`
  ADD PRIMARY KEY (`id_escuela`),
  ADD KEY `id_domicilio` (`id_domicilio`),
  ADD KEY `id_region` (`id_region`),
  ADD KEY `id_nivel` (`id_nivel`),
  ADD KEY `id_sector` (`id_sector`),
  ADD KEY `id_ambito` (`id_ambito`),
  ADD KEY `id_persona` (`id_persona`);

--
-- Indices de la tabla `flyway_schema_history`
--
ALTER TABLE `flyway_schema_history`
  ADD PRIMARY KEY (`installed_rank`),
  ADD KEY `flyway_schema_history_s_idx` (`success`);

--
-- Indices de la tabla `nivel_educativo`
--
ALTER TABLE `nivel_educativo`
  ADD PRIMARY KEY (`id_nivel`);

--
-- Indices de la tabla `persona`
--
ALTER TABLE `persona`
  ADD PRIMARY KEY (`id_persona`),
  ADD KEY `id_domicilio` (`id_domicilio`);

--
-- Indices de la tabla `personal`
--
ALTER TABLE `personal`
  ADD PRIMARY KEY (`id_personal`),
  ADD KEY `id_persona` (`id_persona`),
  ADD KEY `id_entidad` (`id_entidad`);

--
-- Indices de la tabla `region`
--
ALTER TABLE `region`
  ADD PRIMARY KEY (`id_region`);

--
-- Indices de la tabla `sector`
--
ALTER TABLE `sector`
  ADD PRIMARY KEY (`id_sector`);

--
-- AUTO_INCREMENT de las tablas volcadas
--

--
-- AUTO_INCREMENT de la tabla `actividad`
--
ALTER TABLE `actividad`
  MODIFY `id_actividad` int(10) NOT NULL AUTO_INCREMENT, AUTO_INCREMENT=67;

--
-- AUTO_INCREMENT de la tabla `ambito`
--
ALTER TABLE `ambito`
  MODIFY `id_ambito` int(10) NOT NULL AUTO_INCREMENT, AUTO_INCREMENT=31;

--
-- AUTO_INCREMENT de la tabla `categoria`
--
ALTER TABLE `categoria`
  MODIFY `id_categoria` int(10) NOT NULL AUTO_INCREMENT, AUTO_INCREMENT=25;

--
-- AUTO_INCREMENT de la tabla `categoria_categoria`
--
ALTER TABLE `categoria_categoria`
  MODIFY `id_categoria_categoria` int(10) NOT NULL AUTO_INCREMENT, AUTO_INCREMENT=7;

--
-- AUTO_INCREMENT de la tabla `destinatario`
--
ALTER TABLE `destinatario`
  MODIFY `id_destinatario` int(10) NOT NULL AUTO_INCREMENT, AUTO_INCREMENT=10;

--
-- AUTO_INCREMENT de la tabla `domicilio`
--
ALTER TABLE `domicilio`
  MODIFY `id_domicilio` int(10) NOT NULL AUTO_INCREMENT, AUTO_INCREMENT=1193;

--
-- AUTO_INCREMENT de la tabla `entidad`
--
ALTER TABLE `entidad`
  MODIFY `id_entidad` int(10) NOT NULL AUTO_INCREMENT, AUTO_INCREMENT=3;

--
-- AUTO_INCREMENT de la tabla `escuela`
--
ALTER TABLE `escuela`
  MODIFY `id_escuela` int(10) NOT NULL AUTO_INCREMENT, AUTO_INCREMENT=1073;

--
-- AUTO_INCREMENT de la tabla `nivel_educativo`
--
ALTER TABLE `nivel_educativo`
  MODIFY `id_nivel` int(10) NOT NULL AUTO_INCREMENT, AUTO_INCREMENT=35;

--
-- AUTO_INCREMENT de la tabla `persona`
--
ALTER TABLE `persona`
  MODIFY `id_persona` int(10) NOT NULL AUTO_INCREMENT, AUTO_INCREMENT=147;

--
-- AUTO_INCREMENT de la tabla `personal`
--
ALTER TABLE `personal`
  MODIFY `id_personal` int(10) NOT NULL AUTO_INCREMENT, AUTO_INCREMENT=147;

--
-- AUTO_INCREMENT de la tabla `region`
--
ALTER TABLE `region`
  MODIFY `id_region` int(10) NOT NULL AUTO_INCREMENT, AUTO_INCREMENT=30;

--
-- AUTO_INCREMENT de la tabla `sector`
--
ALTER TABLE `sector`
  MODIFY `id_sector` int(10) NOT NULL AUTO_INCREMENT, AUTO_INCREMENT=27;

--
-- Restricciones para tablas volcadas
--

--
-- Filtros para la tabla `actividad`
--
ALTER TABLE `actividad`
  ADD CONSTRAINT `actividad_destinatario` FOREIGN KEY (`id_destinatario`) REFERENCES `destinatario` (`id_destinatario`),
  ADD CONSTRAINT `actividad_escuela` FOREIGN KEY (`id_escuela`) REFERENCES `escuela` (`id_escuela`),
  ADD CONSTRAINT `actividad_personal` FOREIGN KEY (`id_personal`) REFERENCES `personal` (`id_personal`),
  ADD CONSTRAINT `atividad_categoria` FOREIGN KEY (`id_categoria`) REFERENCES `categoria` (`id_categoria`);

--
-- Filtros para la tabla `categoria`
--
ALTER TABLE `categoria`
  ADD CONSTRAINT `categoria_categoria_categoria` FOREIGN KEY (`id_categoria_categoria`) REFERENCES `categoria_categoria` (`id_categoria_categoria`);

--
-- Filtros para la tabla `escuela`
--
ALTER TABLE `escuela`
  ADD CONSTRAINT `escuela_ambito` FOREIGN KEY (`id_ambito`) REFERENCES `ambito` (`id_ambito`),
  ADD CONSTRAINT `escuela_domicilio` FOREIGN KEY (`id_domicilio`) REFERENCES `domicilio` (`id_domicilio`),
  ADD CONSTRAINT `escuela_nivel` FOREIGN KEY (`id_nivel`) REFERENCES `nivel_educativo` (`id_nivel`),
  ADD CONSTRAINT `escuela_persona` FOREIGN KEY (`id_persona`) REFERENCES `persona` (`id_persona`),
  ADD CONSTRAINT `escuela_region` FOREIGN KEY (`id_region`) REFERENCES `region` (`id_region`),
  ADD CONSTRAINT `escuela_sector` FOREIGN KEY (`id_sector`) REFERENCES `sector` (`id_sector`);

--
-- Filtros para la tabla `persona`
--
ALTER TABLE `persona`
  ADD CONSTRAINT `persona_domicilio` FOREIGN KEY (`id_domicilio`) REFERENCES `domicilio` (`id_domicilio`);

--
-- Filtros para la tabla `personal`
--
ALTER TABLE `personal`
  ADD CONSTRAINT `personal_entidad` FOREIGN KEY (`id_entidad`) REFERENCES `entidad` (`id_entidad`),
  ADD CONSTRAINT `personal_persona` FOREIGN KEY (`id_persona`) REFERENCES `persona` (`id_persona`);
COMMIT;

/*!40101 SET CHARACTER_SET_CLIENT=@OLD_CHARACTER_SET_CLIENT */;
/*!40101 SET CHARACTER_SET_RESULTS=@OLD_CHARACTER_SET_RESULTS */;
/*!40101 SET COLLATION_CONNECTION=@OLD_COLLATION_CONNECTION */;
